{"textures":{"0":"modelengine:entity/gamabunta"},"elements":[{"from":[2.885714,7.5857143,2.0428567],"to":[13.257143,13.3,7.6142855],"rotation":{"angle":-45.0,"axis":"x","origin":[8.0,8.3,7.3285713]},"faces":{"east":{"uv":[6.142857,6.285714,7.428571,7.714286],"rotation":0,"texture":"#0","tintindex":0},"south":{"uv":[11.285714,6.285714,13.857142,7.714286],"rotation":0,"texture":"#0","tintindex":0},"north":{"uv":[7.428571,6.285714,10.0,7.714286],"rotation":0,"texture":"#0","tintindex":0},"west":{"uv":[10.0,6.285714,11.285714,7.714286],"rotation":0,"texture":"#0","tintindex":0},"up":{"uv":[10.0,6.285714,7.428571,5.0],"rotation":0,"texture":"#0","tintindex":0},"down":{"uv":[12.571428,5.0,10.0,6.285714],"rotation":0,"texture":"#0","tintindex":0}}}],"display":{"head":{"translation":[0.0,-6.4,0.0],"scale":[4.0,4.0,4.0]}}}