{"textures":{"0":"modelengine:entity/gamabunta"},"elements":[{"from":[4.8571424,7.2048535,6.431776],"to":[8.0,8.761996,8.003204],"rotation":{"angle":0.0,"axis":"y","origin":[6.428571,7.983425,7.21749]},"faces":{"east":{"uv":[7.857143,8.571428,7.571429,8.857142],"rotation":0,"texture":"#0","tintindex":0},"south":{"uv":[8.571428,8.571428,7.857143,8.857142],"rotation":0,"texture":"#0","tintindex":0},"north":{"uv":[7.571429,8.571428,6.857143,8.857142],"rotation":0,"texture":"#0","tintindex":0},"west":{"uv":[6.857143,8.571428,6.571429,8.857142],"rotation":0,"texture":"#0","tintindex":0},"up":{"uv":[6.857143,8.571428,7.571429,8.285714],"rotation":0,"texture":"#0","tintindex":0},"down":{"uv":[7.571429,8.285714,8.285714,8.571428],"rotation":0,"texture":"#0","tintindex":0}}}],"display":{"head":{"translation":[0.0,-6.4,0.0],"scale":[4.0,4.0,4.0]}}}