{"textures":{"0":"modelengine:entity/gamabunta"},"elements":[{"from":[5.428571,7.233425,6.3032045],"to":[8.0,8.876282,8.003204],"rotation":{"angle":0.0,"axis":"y","origin":[43.285717,1.9762816,5.988919]},"faces":{"east":{"uv":[7.428571,10.571428,7.142857,10.857142],"rotation":0,"texture":"#0","tintindex":0},"south":{"uv":[8.0,10.571428,7.428571,10.857142],"rotation":0,"texture":"#0","tintindex":0},"north":{"uv":[7.142857,10.571428,6.571429,10.857142],"rotation":0,"texture":"#0","tintindex":0},"west":{"uv":[6.571429,10.571428,6.285714,10.857142],"rotation":0,"texture":"#0","tintindex":0},"up":{"uv":[6.571429,10.571428,7.142857,10.285714],"rotation":0,"texture":"#0","tintindex":0},"down":{"uv":[7.142857,10.285714,7.714286,10.571428],"rotation":0,"texture":"#0","tintindex":0}}}],"display":{"head":{"translation":[0.0,-6.4,0.0],"scale":[4.0,4.0,4.0]}}}