{"textures":{"0":"modelengine:entity/gamabunta"},"elements":[{"from":[4.8571424,7.290568,6.431776],"to":[8.0,8.847711,8.003204],"rotation":{"angle":0.0,"axis":"y","origin":[39.285713,6.0619965,5.988919]},"faces":{"east":{"uv":[8.714286,4.428571,8.428572,4.714286],"rotation":0,"texture":"#0","tintindex":0},"south":{"uv":[9.428572,4.428571,8.714286,4.714286],"rotation":0,"texture":"#0","tintindex":0},"north":{"uv":[8.428572,4.428571,7.714286,4.714286],"rotation":0,"texture":"#0","tintindex":0},"west":{"uv":[7.714286,4.428571,7.428571,4.714286],"rotation":0,"texture":"#0","tintindex":0},"up":{"uv":[7.714286,4.428571,8.428572,4.142857],"rotation":0,"texture":"#0","tintindex":0},"down":{"uv":[8.428572,4.142857,9.142858,4.428571],"rotation":0,"texture":"#0","tintindex":0}}}],"display":{"head":{"translation":[0.0,-6.4,0.0],"scale":[4.0,4.0,4.0]}}}