{"textures":{"0":"modelengine:entity/gamabunta"},"elements":[{"from":[5.428571,7.233425,6.3032045],"to":[8.0,8.876282,8.003204],"rotation":{"angle":0.0,"axis":"y","origin":[43.285717,5.976282,5.988919]},"faces":{"east":{"uv":[10.285714,4.714286,10.0,5.0],"rotation":0,"texture":"#0","tintindex":0},"south":{"uv":[10.857142,4.714286,10.285714,5.0],"rotation":0,"texture":"#0","tintindex":0},"north":{"uv":[10.0,4.714286,9.428572,5.0],"rotation":0,"texture":"#0","tintindex":0},"west":{"uv":[9.428572,4.714286,9.142858,5.0],"rotation":0,"texture":"#0","tintindex":0},"up":{"uv":[9.428572,4.714286,10.0,4.428571],"rotation":0,"texture":"#0","tintindex":0},"down":{"uv":[10.0,4.428571,10.571428,4.714286],"rotation":0,"texture":"#0","tintindex":0}}}],"display":{"head":{"translation":[0.0,-6.4,0.0],"scale":[4.0,4.0,4.0]}}}