{"textures":{"0":"modelengine:entity/gamabunta"},"elements":[{"from":[0.007142544,6.303571,5.3285713],"to":[8.15,10.317858,8.114285],"rotation":{"angle":0.0,"axis":"y","origin":[26.435715,4.9464283,6.028571]},"faces":{"east":{"uv":[7.142857,11.857142,6.571429,12.857142],"rotation":0,"texture":"#0","tintindex":0},"south":{"uv":[9.142858,11.857142,7.142857,12.857142],"rotation":0,"texture":"#0","tintindex":0},"north":{"uv":[6.571429,11.857142,4.571429,12.857142],"rotation":0,"texture":"#0","tintindex":0},"west":{"uv":[4.571429,11.857142,4.0,12.857142],"rotation":0,"texture":"#0","tintindex":0},"up":{"uv":[4.571429,11.857142,6.571429,11.285714],"rotation":0,"texture":"#0","tintindex":0},"down":{"uv":[6.571429,11.285714,8.571428,11.857142],"rotation":0,"texture":"#0","tintindex":0}}}],"display":{"head":{"translation":[0.0,-6.4,0.0],"scale":[4.0,4.0,4.0]}}}