{"textures":{"0":"modelengine:entity/gamabunta"},"elements":[{"from":[5.9142857,-0.4285717,6.142857],"to":[9.914286,8.0,10.285714],"rotation":{"angle":0.0,"axis":"y","origin":[13.200001,21.142857,7.242857]},"faces":{"east":{"uv":[3.0,11.857142,2.0,13.857142],"rotation":0,"texture":"#0","tintindex":0},"south":{"uv":[4.0,11.857142,3.0,13.857142],"rotation":0,"texture":"#0","tintindex":0},"north":{"uv":[2.0,11.857142,1.0,13.857142],"rotation":0,"texture":"#0","tintindex":0},"west":{"uv":[1.0,11.857142,0.0,13.857142],"rotation":0,"texture":"#0","tintindex":0},"up":{"uv":[1.0,11.857142,2.0,10.857142],"rotation":0,"texture":"#0","tintindex":0},"down":{"uv":[2.0,10.857142,3.0,11.857142],"rotation":0,"texture":"#0","tintindex":0}}}],"display":{"head":{"translation":[0.0,-6.4,0.0],"scale":[4.0,4.0,4.0]}}}