{"textures":{"0":"modelengine:entity/gamabunta"},"elements":[{"from":[2.5714283,2.2320051,1.7674823],"to":[13.571428,7.9462914,8.181768],"rotation":{"angle":0.0,"axis":"y","origin":[8.0,9.660577,3.7674823]},"faces":{"east":{"uv":[0.0,1.5714285,1.5714285,3.0],"rotation":0,"texture":"#0","tintindex":0},"south":{"uv":[5.857143,1.5714285,8.571428,3.0],"rotation":0,"texture":"#0","tintindex":0},"north":{"uv":[1.5714285,1.5714285,4.285714,3.0],"rotation":0,"texture":"#0","tintindex":0},"west":{"uv":[4.285714,1.5714285,5.857143,3.0],"rotation":0,"texture":"#0","tintindex":0},"up":{"uv":[4.285714,1.5714285,1.5714285,0.0],"rotation":0,"texture":"#0","tintindex":0},"down":{"uv":[7.0,0.0,4.285714,1.5714285],"rotation":0,"texture":"#0","tintindex":0}}},{"from":[2.8571424,1.137229,1.6941285],"to":[13.285715,3.4372292,7.679843],"rotation":{"angle":22.5,"axis":"x","origin":[8.071428,1.5729432,4.901272]},"faces":{"east":{"uv":[0.0,9.142858,1.4285715,9.714286],"rotation":0,"texture":"#0","tintindex":0},"south":{"uv":[5.428571,9.142858,8.0,9.714286],"rotation":0,"texture":"#0","tintindex":0},"north":{"uv":[1.4285715,9.142858,4.0,9.714286],"rotation":0,"texture":"#0","tintindex":0},"west":{"uv":[4.0,9.142858,5.428571,9.714286],"rotation":0,"texture":"#0","tintindex":0},"up":{"uv":[4.0,9.142858,1.4285715,7.714286],"rotation":0,"texture":"#0","tintindex":0},"down":{"uv":[6.571429,7.714286,4.0,9.142858],"rotation":0,"texture":"#0","tintindex":0}}}],"display":{"head":{"translation":[0.0,-6.4,0.0],"scale":[4.0,4.0,4.0]}}}