{"textures":{"0":"modelengine:entity/gamabunta"},"elements":[{"from":[3.8571424,8.173928,4.5668488],"to":[12.142858,9.331071,9.981134],"rotation":{"angle":0.0,"axis":"y","origin":[8.0,8.323928,7.1525636]},"faces":{"east":{"uv":[7.0,1.2857143,8.285714,1.5714285],"rotation":0,"texture":"#0","tintindex":0},"south":{"uv":[11.571428,1.2857143,13.571428,1.5714285],"rotation":0,"texture":"#0","tintindex":0},"north":{"uv":[8.285714,1.2857143,10.285714,1.5714285],"rotation":0,"texture":"#0","tintindex":0},"west":{"uv":[10.285714,1.2857143,11.571428,1.5714285],"rotation":0,"texture":"#0","tintindex":0},"up":{"uv":[10.285714,1.2857143,8.285714,0.0],"rotation":0,"texture":"#0","tintindex":0},"down":{"uv":[12.285714,0.0,10.285714,1.2857143],"rotation":0,"texture":"#0","tintindex":0}}}],"display":{"head":{"translation":[0.0,-6.4,0.0],"scale":[4.0,4.0,4.0]}}}