{"textures":{"0":"modelengine:entity/gamabunta"},"elements":[{"from":[4.142857,4.8338823,5.9482775],"to":[7.857143,10.391026,8.091135],"rotation":{"angle":0.0,"axis":"y","origin":[35.285713,3.605311,6.0768495]},"faces":{"east":{"uv":[14.285714,4.571429,13.857142,5.857143],"rotation":0,"texture":"#0","tintindex":0},"south":{"uv":[15.142858,4.571429,14.285714,5.857143],"rotation":0,"texture":"#0","tintindex":0},"north":{"uv":[13.857142,4.571429,13.0,5.857143],"rotation":0,"texture":"#0","tintindex":0},"west":{"uv":[13.0,4.571429,12.571428,5.857143],"rotation":0,"texture":"#0","tintindex":0},"up":{"uv":[13.0,4.571429,13.857142,4.142857],"rotation":0,"texture":"#0","tintindex":0},"down":{"uv":[13.857142,4.142857,14.714286,4.571429],"rotation":0,"texture":"#0","tintindex":0}}}],"display":{"head":{"translation":[0.0,-6.4,0.0],"scale":[4.0,4.0,4.0]}}}