{"textures":{"0":"modelengine:entity/gamabunta"},"elements":[{"from":[4.285714,-0.8571434,5.285714],"to":[10.285714,8.428572,10.528572],"rotation":{"angle":0.0,"axis":"y","origin":[12.0,12.428572,7.385714]},"faces":{"east":{"uv":[12.0,9.0,10.714286,11.285714],"rotation":0,"texture":"#0","tintindex":0},"south":{"uv":[13.428572,9.0,12.0,11.285714],"rotation":0,"texture":"#0","tintindex":0},"north":{"uv":[10.714286,9.0,9.285714,11.285714],"rotation":0,"texture":"#0","tintindex":0},"west":{"uv":[9.285714,9.0,8.0,11.285714],"rotation":0,"texture":"#0","tintindex":0},"up":{"uv":[9.285714,9.0,10.714286,7.714286],"rotation":0,"texture":"#0","tintindex":0},"down":{"uv":[10.714286,7.714286,12.142858,9.0],"rotation":0,"texture":"#0","tintindex":0}}}],"display":{"head":{"translation":[0.0,-6.4,0.0],"scale":[4.0,4.0,4.0]}}}