{"textures":{"0":"modelengine:entity/gamabunta"},"elements":[{"from":[8.0,7.233425,6.431776],"to":[11.142858,8.790567,8.003204],"rotation":{"angle":0.0,"axis":"y","origin":[-23.285715,4.0048532,5.988919]},"faces":{"east":{"uv":[6.571429,8.0,6.857143,8.285714],"rotation":0,"texture":"#0","tintindex":0},"south":{"uv":[7.857143,8.0,8.571428,8.285714],"rotation":0,"texture":"#0","tintindex":0},"north":{"uv":[6.857143,8.0,7.571429,8.285714],"rotation":0,"texture":"#0","tintindex":0},"west":{"uv":[7.571429,8.0,7.857143,8.285714],"rotation":0,"texture":"#0","tintindex":0},"up":{"uv":[7.571429,8.0,6.857143,7.714286],"rotation":0,"texture":"#0","tintindex":0},"down":{"uv":[8.285714,7.714286,7.571429,8.0],"rotation":0,"texture":"#0","tintindex":0}}}],"display":{"head":{"translation":[0.0,-6.4,0.0],"scale":[4.0,4.0,4.0]}}}