{"textures":{"0":"modelengine:entity/gamabunta"},"elements":[{"from":[8.0,7.233425,6.3032045],"to":[10.571428,8.876282,8.003204],"rotation":{"angle":0.0,"axis":"y","origin":[-27.285717,3.9762821,5.988919]},"faces":{"east":{"uv":[5.428571,10.0,5.714286,10.285714],"rotation":0,"texture":"#0","tintindex":0},"south":{"uv":[6.571429,10.0,7.142857,10.285714],"rotation":0,"texture":"#0","tintindex":0},"north":{"uv":[5.714286,10.0,6.285714,10.285714],"rotation":0,"texture":"#0","tintindex":0},"west":{"uv":[6.285714,10.0,6.571429,10.285714],"rotation":0,"texture":"#0","tintindex":0},"up":{"uv":[6.285714,10.0,5.714286,9.714286],"rotation":0,"texture":"#0","tintindex":0},"down":{"uv":[6.857143,9.714286,6.285714,10.0],"rotation":0,"texture":"#0","tintindex":0}}}],"display":{"head":{"translation":[0.0,-6.4,0.0],"scale":[4.0,4.0,4.0]}}}