{"textures":{"0":"modelengine:entity/gamabunta"},"elements":[{"from":[8.0,7.290568,6.431776],"to":[11.142858,8.847711,8.003204],"rotation":{"angle":0.0,"axis":"y","origin":[-23.285715,6.0619965,5.988919]},"faces":{"east":{"uv":[7.428571,4.428571,7.714286,4.714286],"rotation":0,"texture":"#0","tintindex":0},"south":{"uv":[8.714286,4.428571,9.428572,4.714286],"rotation":0,"texture":"#0","tintindex":0},"north":{"uv":[7.714286,4.428571,8.428572,4.714286],"rotation":0,"texture":"#0","tintindex":0},"west":{"uv":[8.428572,4.428571,8.714286,4.714286],"rotation":0,"texture":"#0","tintindex":0},"up":{"uv":[8.428572,4.428571,7.714286,4.142857],"rotation":0,"texture":"#0","tintindex":0},"down":{"uv":[9.142858,4.142857,8.428572,4.428571],"rotation":0,"texture":"#0","tintindex":0}}}],"display":{"head":{"translation":[0.0,-6.4,0.0],"scale":[4.0,4.0,4.0]}}}