{"textures":{"0":"modelengine:entity/gamabunta"},"elements":[{"from":[6.6857142,0.7142854,7.142857],"to":[12.114286,10.428572,8.742857],"rotation":{"angle":0.0,"axis":"y","origin":[7.257143,7.142857,6.285714]},"faces":{"east":{"uv":[9.142858,12.714286,9.428572,15.142858],"rotation":0,"texture":"#0","tintindex":0},"south":{"uv":[11.0,12.714286,12.285714,15.142858],"rotation":0,"texture":"#0","tintindex":0},"north":{"uv":[9.428572,12.714286,10.714286,15.142858],"rotation":0,"texture":"#0","tintindex":0},"west":{"uv":[10.714286,12.714286,11.0,15.142858],"rotation":0,"texture":"#0","tintindex":0},"up":{"uv":[10.714286,12.714286,9.428572,12.428572],"rotation":0,"texture":"#0","tintindex":0},"down":{"uv":[12.0,12.428572,10.714286,12.714286],"rotation":0,"texture":"#0","tintindex":0}}}],"display":{"head":{"translation":[0.0,-6.4,0.0],"scale":[4.0,4.0,4.0]}}}