{"textures":{"0":"modelengine:entity/gamabunta"},"elements":[{"from":[7.2821426,8.016712,6.880176],"to":[9.096429,11.530998,8.023033],"rotation":{"angle":0.0,"axis":"y","origin":[-20.332144,2.7452836,5.86589]},"faces":{"east":{"uv":[0.0,0.2857143,0.2857143,1.1428572],"rotation":0,"texture":"#0","tintindex":0},"south":{"uv":[1.0,0.2857143,1.4285715,1.1428572],"rotation":0,"texture":"#0","tintindex":0},"north":{"uv":[0.2857143,0.2857143,0.71428573,1.1428572],"rotation":0,"texture":"#0","tintindex":0},"west":{"uv":[0.71428573,0.2857143,1.0,1.1428572],"rotation":0,"texture":"#0","tintindex":0},"up":{"uv":[0.71428573,0.2857143,0.2857143,0.0],"rotation":0,"texture":"#0","tintindex":0},"down":{"uv":[1.1428572,0.0,0.71428573,0.2857143],"rotation":0,"texture":"#0","tintindex":0}}}],"display":{"head":{"translation":[0.0,-6.4,0.0],"scale":[4.0,4.0,4.0]}}}