{"textures":{"0":"modelengine:entity/gamabunta"},"elements":[{"from":[7.067886,7.9453106,6.9230328],"to":[9.067885,10.659596,8.323033],"rotation":{"angle":0.0,"axis":"y","origin":[8.014286,-1.2689762,6.0516043]},"faces":{"east":{"uv":[0.0,7.857143,0.2857143,8.428572],"rotation":0,"texture":"#0","tintindex":0},"south":{"uv":[1.0,7.857143,1.4285715,8.428572],"rotation":0,"texture":"#0","tintindex":0},"north":{"uv":[0.2857143,7.857143,0.71428573,8.428572],"rotation":0,"texture":"#0","tintindex":0},"west":{"uv":[0.71428573,7.857143,1.0,8.428572],"rotation":0,"texture":"#0","tintindex":0},"up":{"uv":[0.71428573,7.857143,0.2857143,7.571429],"rotation":0,"texture":"#0","tintindex":0},"down":{"uv":[1.1428572,7.571429,0.71428573,7.857143],"rotation":0,"texture":"#0","tintindex":0}}}],"display":{"head":{"translation":[0.0,-6.4,0.0],"scale":[4.0,4.0,4.0]}}}