{"textures":{"0":"modelengine:entity/gamabunta"},"elements":[{"from":[6.8238096,3.2404761,7.347619],"to":[8.766666,13.654762,8.504762],"rotation":{"angle":0.0,"axis":"y","origin":[36.338097,7.5119047,22.37619]},"faces":{"east":{"uv":[15.571428,9.142858,15.285714,11.714286],"rotation":0,"texture":"#0","tintindex":0},"south":{"uv":[16.0,9.142858,15.571428,11.714286],"rotation":0,"texture":"#0","tintindex":0},"north":{"uv":[15.285714,9.142858,14.857142,11.714286],"rotation":0,"texture":"#0","tintindex":0},"west":{"uv":[14.857142,9.142858,14.571428,11.714286],"rotation":0,"texture":"#0","tintindex":0},"up":{"uv":[14.857142,9.142858,15.285714,8.857142],"rotation":0,"texture":"#0","tintindex":0},"down":{"uv":[15.285714,8.857142,15.714286,9.142858],"rotation":0,"texture":"#0","tintindex":0}}},{"from":[6.895238,13.59762,7.633333],"to":[8.62381,26.440475,8.219048],"rotation":{"angle":0.0,"axis":"y","origin":[36.338097,6.297619,22.37619]},"faces":{"east":{"uv":[8.428572,13.857142,8.285714,17.0],"rotation":0,"texture":"#0","tintindex":0},"south":{"uv":[8.857142,13.857142,8.428572,17.0],"rotation":0,"texture":"#0","tintindex":0},"north":{"uv":[8.285714,13.857142,7.857143,17.0],"rotation":0,"texture":"#0","tintindex":0},"west":{"uv":[7.857143,13.857142,7.714286,17.0],"rotation":0,"texture":"#0","tintindex":0},"up":{"uv":[7.857143,13.857142,8.285714,13.714286],"rotation":0,"texture":"#0","tintindex":0},"down":{"uv":[8.285714,13.714286,8.714286,13.857142],"rotation":0,"texture":"#0","tintindex":0}}},{"from":[6.895238,26.383335,7.9333334],"to":[8.62381,28.026192,7.9333334],"rotation":{"angle":0.0,"axis":"y","origin":[36.338097,5.083333,22.37619]},"faces":{"east":{"uv":[3.2857144,15.714286,3.2857144,16.0],"rotation":0,"texture":"#0","tintindex":0},"south":{"uv":[3.7142856,15.714286,3.2857144,16.0],"rotation":0,"texture":"#0","tintindex":0},"north":{"uv":[3.2857144,15.714286,2.857143,16.0],"rotation":0,"texture":"#0","tintindex":0},"west":{"uv":[2.857143,15.714286,2.857143,16.0],"rotation":0,"texture":"#0","tintindex":0},"up":{"uv":[2.857143,15.714286,3.2857144,15.714286],"rotation":0,"texture":"#0","tintindex":0},"down":{"uv":[3.2857144,15.714286,3.7142856,15.714286],"rotation":0,"texture":"#0","tintindex":0}}}],"display":{"head":{"translation":[0.0,-6.4,0.0],"scale":[4.0,4.0,4.0]}}}