{"textures":{"0":"modelengine:entity/boar_female"},"elements":[{"from":[8.529849,6.7767954,6.516926],"to":[9.318003,8.61582,7.2175064],"rotation":{"angle":22.5,"axis":"x","origin":[8.617422,5.2880616,6.429353]},"faces":{"east":{"uv":[10.25,11.125,10.625,12.0],"rotation":0,"texture":"#0","tintindex":0},"south":{"uv":[11.0,12.125,11.375,13.0],"rotation":0,"texture":"#0","tintindex":0},"north":{"uv":[5.75,9.75,6.125,10.625],"rotation":0,"texture":"#0","tintindex":0},"west":{"uv":[12.625,5.75,13.0,6.625],"rotation":0,"texture":"#0","tintindex":0},"up":{"uv":[5.5,14.125,5.125,13.75],"rotation":0,"texture":"#0","tintindex":0},"down":{"uv":[14.125,5.625,13.75,6.0],"rotation":0,"texture":"#0","tintindex":0}}},{"from":[8.354704,6.3389325,6.867216],"to":[9.493148,6.7767954,7.742942],"rotation":{"angle":0.0,"axis":"y","origin":[8.617422,4.9377713,6.079063]},"faces":{"east":{"uv":[0.5,14.0,1.0,14.25],"rotation":0,"texture":"#0","tintindex":0},"south":{"uv":[3.625,13.75,4.25,14.0],"rotation":0,"texture":"#0","tintindex":0},"north":{"uv":[13.75,0.875,14.375,1.125],"rotation":0,"texture":"#0","tintindex":0},"west":{"uv":[1.125,14.0,1.625,14.25],"rotation":0,"texture":"#0","tintindex":0},"up":{"uv":[13.375,13.25,12.75,12.75],"rotation":0,"texture":"#0","tintindex":0},"down":{"uv":[0.625,12.875,0.0,13.375],"rotation":0,"texture":"#0","tintindex":0}}},{"from":[8.442277,6.3389325,7.6553693],"to":[9.405575,6.7767954,8.531095],"rotation":{"angle":-22.5,"axis":"x","origin":[8.617422,4.9377713,6.867216]},"faces":{"east":{"uv":[14.0,2.0,14.5,2.25],"rotation":0,"texture":"#0","tintindex":0},"south":{"uv":[14.0,2.375,14.5,2.625],"rotation":0,"texture":"#0","tintindex":0},"north":{"uv":[1.75,14.0,2.25,14.25],"rotation":0,"texture":"#0","tintindex":0},"west":{"uv":[14.0,2.75,14.5,3.0],"rotation":0,"texture":"#0","tintindex":0},"up":{"uv":[2.75,13.875,2.25,13.375],"rotation":0,"texture":"#0","tintindex":0},"down":{"uv":[13.875,2.625,13.375,3.125],"rotation":0,"texture":"#0","tintindex":0}}}],"display":{"head":{"translation":[0.0,-6.4,0.0],"scale":[4.0,4.0,4.0]}}}