{"textures":{"0":"modelengine:entity/boar_female"},"elements":[{"from":[7.58248,6.876744,6.9136324],"to":[8.458206,7.489752,7.7017856],"rotation":{"angle":22.5,"axis":"x","origin":[5.0428753,5.370496,6.161353]},"faces":{"east":{"uv":[8.5,14.0,8.875,14.25],"rotation":0,"texture":"#0","tintindex":0},"south":{"uv":[13.875,12.875,14.375,13.125],"rotation":0,"texture":"#0","tintindex":0},"north":{"uv":[13.875,12.5,14.375,12.75],"rotation":0,"texture":"#0","tintindex":0},"west":{"uv":[14.0,9.75,14.375,10.0],"rotation":0,"texture":"#0","tintindex":0},"up":{"uv":[5.0,13.875,4.5,13.5],"rotation":0,"texture":"#0","tintindex":0},"down":{"uv":[7.875,13.5,7.375,13.875],"rotation":0,"texture":"#0","tintindex":0}}},{"from":[7.6700525,7.270581,6.5942025],"to":[8.370633,8.584169,7.294783],"rotation":{"angle":45.0,"axis":"x","origin":[8.370633,5.693939,6.471465]},"faces":{"east":{"uv":[12.75,13.375,13.125,14.0],"rotation":0,"texture":"#0","tintindex":0},"south":{"uv":[13.25,13.375,13.625,14.0],"rotation":0,"texture":"#0","tintindex":0},"north":{"uv":[9.25,13.375,9.625,14.0],"rotation":0,"texture":"#0","tintindex":0},"west":{"uv":[0.0,13.5,0.375,14.125],"rotation":0,"texture":"#0","tintindex":0},"up":{"uv":[14.125,9.25,13.75,8.875],"rotation":0,"texture":"#0","tintindex":0},"down":{"uv":[11.25,13.75,10.875,14.125],"rotation":0,"texture":"#0","tintindex":0}}},{"from":[7.4949074,8.0706005,7.853065],"to":[8.545778,8.683609,9.166654],"rotation":{"angle":45.0,"axis":"x","origin":[5.2180204,8.429966,7.5053387]},"faces":{"east":{"uv":[13.625,11.75,14.25,12.0],"rotation":0,"texture":"#0","tintindex":0},"south":{"uv":[13.875,10.875,14.375,11.125],"rotation":0,"texture":"#0","tintindex":0},"north":{"uv":[5.625,13.875,6.125,14.125],"rotation":0,"texture":"#0","tintindex":0},"west":{"uv":[13.625,12.125,14.25,12.375],"rotation":0,"texture":"#0","tintindex":0},"up":{"uv":[12.0,13.375,11.5,12.75],"rotation":0,"texture":"#0","tintindex":0},"down":{"uv":[12.625,12.75,12.125,13.375],"rotation":0,"texture":"#0","tintindex":0}}}],"display":{"head":{"translation":[0.0,-6.4,0.0],"scale":[4.0,4.0,4.0]}}}