{"textures":{"0":"modelengine:entity/boar_female"},"elements":[{"from":[8.617422,6.3389325,7.6553693],"to":[9.58072,6.7767954,8.531095],"rotation":{"angle":-22.5,"axis":"x","origin":[8.792567,4.9377713,6.867216]},"faces":{"east":{"uv":[14.0,3.5,14.5,3.75],"rotation":0,"texture":"#0","tintindex":0},"south":{"uv":[4.375,14.0,4.875,14.25],"rotation":0,"texture":"#0","tintindex":0},"north":{"uv":[14.0,3.125,14.5,3.375],"rotation":0,"texture":"#0","tintindex":0},"west":{"uv":[14.0,6.625,14.5,6.875],"rotation":0,"texture":"#0","tintindex":0},"up":{"uv":[13.875,3.75,13.375,3.25],"rotation":0,"texture":"#0","tintindex":0},"down":{"uv":[13.875,6.75,13.375,7.25],"rotation":0,"texture":"#0","tintindex":0}}},{"from":[8.704994,6.4170246,7.679665],"to":[9.493148,8.256049,8.380245],"rotation":{"angle":22.5,"axis":"x","origin":[9.405575,8.030919,7.915067]},"faces":{"east":{"uv":[3.0,12.75,3.375,13.625],"rotation":0,"texture":"#0","tintindex":0},"south":{"uv":[3.5,12.75,3.875,13.625],"rotation":0,"texture":"#0","tintindex":0},"north":{"uv":[12.75,1.375,13.125,2.25],"rotation":0,"texture":"#0","tintindex":0},"west":{"uv":[4.0,12.75,4.375,13.625],"rotation":0,"texture":"#0","tintindex":0},"up":{"uv":[14.125,6.5,13.75,6.125],"rotation":0,"texture":"#0","tintindex":0},"down":{"uv":[6.75,13.75,6.375,14.125],"rotation":0,"texture":"#0","tintindex":0}}},{"from":[8.529849,6.3389325,6.867216],"to":[9.668293,6.7767954,7.742942],"rotation":{"angle":0.0,"axis":"y","origin":[9.405575,4.9377713,6.079063]},"faces":{"east":{"uv":[8.875,2.875,9.375,3.125],"rotation":0,"texture":"#0","tintindex":0},"south":{"uv":[11.75,7.875,12.375,8.125],"rotation":0,"texture":"#0","tintindex":0},"north":{"uv":[9.5,4.125,10.125,4.375],"rotation":0,"texture":"#0","tintindex":0},"west":{"uv":[13.75,9.375,14.25,9.625],"rotation":0,"texture":"#0","tintindex":0},"up":{"uv":[9.625,5.875,9.0,5.375],"rotation":0,"texture":"#0","tintindex":0},"down":{"uv":[13.25,3.375,12.625,3.875],"rotation":0,"texture":"#0","tintindex":0}}}],"display":{"head":{"translation":[0.0,-6.4,0.0],"scale":[4.0,4.0,4.0]}}}