{"textures":{"0":"modelengine:entity/shinobicaster"},"elements":[{"from":[5.714286,10.795336,5.7464285],"to":[10.285714,11.795336,8.032143],"rotation":{"angle":0.0,"axis":"y","origin":[8.0,-1.7760925,6.8892856]},"faces":{"east":{"uv":[13.765,2.015,14.735,2.485],"rotation":0,"texture":"#0","tintindex":0},"south":{"uv":[12.015,7.765,13.985,8.235],"rotation":0,"texture":"#0","tintindex":0},"north":{"uv":[12.015,7.265,13.985,7.735],"rotation":0,"texture":"#0","tintindex":0},"west":{"uv":[13.765,2.515,14.735,2.985],"rotation":0,"texture":"#0","tintindex":0},"up":{"uv":[9.985,6.735,8.015,5.765],"rotation":0,"texture":"#0","tintindex":0},"down":{"uv":[9.985,6.765,8.015,7.735],"rotation":0,"texture":"#0","tintindex":0}}},{"from":[5.714286,7.9381933,5.560714],"to":[10.285714,10.795336,8.217857],"rotation":{"angle":0.0,"axis":"y","origin":[8.0,-1.7760925,6.8892856]},"faces":{"east":{"uv":[5.015,10.265,6.125,11.485],"rotation":0,"texture":"#0","tintindex":0},"south":{"uv":[0.015,6.265,1.985,7.485],"rotation":0,"texture":"#0","tintindex":0},"north":{"uv":[6.015,5.515,7.985,6.735],"rotation":0,"texture":"#0","tintindex":0},"west":{"uv":[0.015,10.765,1.125,11.985],"rotation":0,"texture":"#0","tintindex":0},"up":{"uv":[9.985,1.125,8.015,0.015],"rotation":0,"texture":"#0","tintindex":0},"down":{"uv":[9.985,1.265,8.015,2.375],"rotation":0,"texture":"#0","tintindex":0}}},{"from":[5.281236,9.932146,5.4607143],"to":[8.295522,10.932146,8.275],"rotation":{"angle":-22.5,"axis":"z","origin":[7.5812364,10.589289,6.832143]},"faces":{"east":{"uv":[13.515,4.015,14.735,4.485],"rotation":0,"texture":"#0","tintindex":0},"south":{"uv":[0.015,13.265,1.375,13.735],"rotation":0,"texture":"#0","tintindex":0},"north":{"uv":[13.015,11.015,14.375,11.485],"rotation":0,"texture":"#0","tintindex":0},"west":{"uv":[13.515,4.515,14.735,4.985],"rotation":0,"texture":"#0","tintindex":0},"up":{"uv":[11.375,1.235,10.015,0.015],"rotation":0,"texture":"#0","tintindex":0},"down":{"uv":[11.375,1.265,10.015,2.485],"rotation":0,"texture":"#0","tintindex":0}}},{"from":[7.704478,9.932146,5.4607143],"to":[10.718763,10.932146,8.275],"rotation":{"angle":22.5,"axis":"z","origin":[8.418763,10.589289,6.832143]},"faces":{"east":{"uv":[14.735,4.515,13.515,4.985],"rotation":0,"texture":"#0","tintindex":0},"south":{"uv":[1.375,13.265,0.015,13.735],"rotation":0,"texture":"#0","tintindex":0},"north":{"uv":[14.375,11.015,13.015,11.485],"rotation":0,"texture":"#0","tintindex":0},"west":{"uv":[14.735,4.015,13.515,4.485],"rotation":0,"texture":"#0","tintindex":0},"up":{"uv":[10.015,1.235,11.375,0.015],"rotation":0,"texture":"#0","tintindex":0},"down":{"uv":[10.015,1.265,11.375,2.485],"rotation":0,"texture":"#0","tintindex":0}}},{"from":[5.6714287,7.6524787,5.4464283],"to":[10.328571,8.223907,8.332143],"rotation":{"angle":0.0,"axis":"y","origin":[7.4785714,2.5953355,6.7035713]},"faces":{"east":{"uv":[14.265,1.265,15.485,1.485],"rotation":0,"texture":"#0","tintindex":0},"south":{"uv":[6.765,13.765,8.735,13.985],"rotation":0,"texture":"#0","tintindex":0},"north":{"uv":[13.765,6.265,15.735,6.485],"rotation":0,"texture":"#0","tintindex":0},"west":{"uv":[14.765,0.015,15.985,0.235],"rotation":0,"texture":"#0","tintindex":0},"up":{"uv":[3.985,7.485,2.015,6.265],"rotation":0,"texture":"#0","tintindex":0},"down":{"uv":[5.985,6.515,4.015,7.735],"rotation":0,"texture":"#0","tintindex":0}}},{"from":[7.635714,9.747521,5.303571],"to":[8.364285,10.747521,8.346429],"rotation":{"angle":0.0,"axis":"y","origin":[6.857143,10.276093,6.7107143]},"faces":{"east":{"uv":[4.515,13.265,5.875,13.735],"rotation":0,"texture":"#0","tintindex":0},"south":{"uv":[2.015,12.265,2.375,12.735],"rotation":0,"texture":"#0","tintindex":0},"north":{"uv":[11.515,6.515,11.875,6.985],"rotation":0,"texture":"#0","tintindex":0},"west":{"uv":[13.265,11.515,14.625,11.985],"rotation":0,"texture":"#0","tintindex":0},"up":{"uv":[10.875,14.625,10.515,13.265],"rotation":0,"texture":"#0","tintindex":0},"down":{"uv":[2.375,13.765,2.015,15.125],"rotation":0,"texture":"#0","tintindex":0}}}],"display":{"head":{"translation":[0.0,-6.4,0.0],"scale":[4.0,4.0,4.0]}}}