{"textures":{"0":"modelengine:entity/shinobicaster"},"elements":[{"from":[5.885714,4.2223005,7.8107142],"to":[10.114286,8.222301,10.182143],"rotation":{"angle":0.0,"axis":"y","origin":[8.0,-2.634842,8.9964285]},"faces":{"east":{"uv":[2.015,9.265,2.985,10.985],"rotation":0,"texture":"#0","tintindex":0},"south":{"uv":[6.015,3.765,7.875,5.485],"rotation":0,"texture":"#0","tintindex":0},"north":{"uv":[6.015,2.015,7.875,3.735],"rotation":0,"texture":"#0","tintindex":0},"west":{"uv":[3.015,9.515,3.985,11.235],"rotation":0,"texture":"#0","tintindex":0},"up":{"uv":[8.875,8.985,7.015,8.015],"rotation":0,"texture":"#0","tintindex":0},"down":{"uv":[1.875,8.765,0.015,9.735],"rotation":0,"texture":"#0","tintindex":0}}},{"from":[6.3285713,3.0794435,7.8107142],"to":[9.671429,4.2223005,10.139286],"rotation":{"angle":0.0,"axis":"y","origin":[8.0,-2.634842,8.9964285]},"faces":{"east":{"uv":[11.015,13.765,11.985,14.235],"rotation":0,"texture":"#0","tintindex":0},"south":{"uv":[13.015,10.515,14.485,10.985],"rotation":0,"texture":"#0","tintindex":0},"north":{"uv":[13.015,10.015,14.485,10.485],"rotation":0,"texture":"#0","tintindex":0},"west":{"uv":[6.765,14.015,7.735,14.485],"rotation":0,"texture":"#0","tintindex":0},"up":{"uv":[11.735,3.485,10.265,2.515],"rotation":0,"texture":"#0","tintindex":0},"down":{"uv":[11.735,3.515,10.265,4.485],"rotation":0,"texture":"#0","tintindex":0}}},{"from":[6.0456095,3.2613096,7.867857],"to":[6.531324,4.5041666,10.125],"rotation":{"angle":22.5,"axis":"z","origin":[6.674181,3.96131,7.982143]},"faces":{"east":{"uv":[14.015,7.265,14.985,7.735],"rotation":0,"texture":"#0","tintindex":0},"south":{"uv":[12.515,1.765,12.735,2.235],"rotation":0,"texture":"#0","tintindex":0},"north":{"uv":[11.015,12.015,11.235,12.485],"rotation":0,"texture":"#0","tintindex":0},"west":{"uv":[7.765,14.015,8.735,14.485],"rotation":0,"texture":"#0","tintindex":0},"up":{"uv":[14.985,5.985,14.765,5.015],"rotation":0,"texture":"#0","tintindex":0},"down":{"uv":[5.985,14.765,5.765,15.735],"rotation":0,"texture":"#0","tintindex":0}}},{"from":[5.8285713,4.879443,7.667857],"to":[10.171429,5.450872,10.325],"rotation":{"angle":0.0,"axis":"y","origin":[8.0,-2.634842,8.9964285]},"faces":{"east":{"uv":[14.765,4.015,15.875,4.235],"rotation":0,"texture":"#0","tintindex":0},"south":{"uv":[14.015,9.765,15.875,9.985],"rotation":0,"texture":"#0","tintindex":0},"north":{"uv":[14.015,9.515,15.875,9.735],"rotation":0,"texture":"#0","tintindex":0},"west":{"uv":[14.765,4.265,15.875,4.485],"rotation":0,"texture":"#0","tintindex":0},"up":{"uv":[9.875,5.625,8.015,4.515],"rotation":0,"texture":"#0","tintindex":0},"down":{"uv":[6.875,8.015,5.015,9.125],"rotation":0,"texture":"#0","tintindex":0}}},{"from":[7.2285714,4.7080145,7.553571],"to":[8.771429,5.6223,8.125],"rotation":{"angle":0.0,"axis":"y","origin":[8.0,-2.634842,8.9964285]},"faces":{"east":{"uv":[5.765,13.765,5.985,14.125],"rotation":0,"texture":"#0","tintindex":0},"south":{"uv":[14.765,8.765,15.375,9.125],"rotation":0,"texture":"#0","tintindex":0},"north":{"uv":[14.765,6.515,15.375,6.875],"rotation":0,"texture":"#0","tintindex":0},"west":{"uv":[11.515,14.765,11.735,15.125],"rotation":0,"texture":"#0","tintindex":0},"up":{"uv":[1.375,14.485,0.765,14.265],"rotation":0,"texture":"#0","tintindex":0},"down":{"uv":[15.375,9.265,14.765,9.485],"rotation":0,"texture":"#0","tintindex":0}}},{"from":[9.468677,3.2613096,7.867857],"to":[9.954391,4.5041666,10.125],"rotation":{"angle":-22.5,"axis":"z","origin":[9.325819,3.96131,7.982143]},"faces":{"east":{"uv":[14.015,8.265,14.985,8.735],"rotation":0,"texture":"#0","tintindex":0},"south":{"uv":[5.515,13.765,5.735,14.235],"rotation":0,"texture":"#0","tintindex":0},"north":{"uv":[12.015,12.765,12.235,13.235],"rotation":0,"texture":"#0","tintindex":0},"west":{"uv":[8.765,14.015,9.735,14.485],"rotation":0,"texture":"#0","tintindex":0},"up":{"uv":[6.235,15.735,6.015,14.765],"rotation":0,"texture":"#0","tintindex":0},"down":{"uv":[6.485,14.765,6.265,15.735],"rotation":0,"texture":"#0","tintindex":0}}}],"display":{"head":{"translation":[0.0,-6.4,0.0],"scale":[4.0,4.0,4.0]}}}