{"textures":{"0":"modelengine:entity/itachisusanoarmor"},"elements":[{"from":[9.714286,5.142857,4.5714283],"to":[12.0,9.142858,15.285715],"rotation":{"angle":0.0,"axis":"y","origin":[8.0,-9.714287,8.0]},"faces":{"east":{"uv":[0.0,0.0,1.6326531,1.6326531],"rotation":0,"texture":"#0","tintindex":0},"south":{"uv":[0.0,0.0,1.4285715,1.4285715],"rotation":0,"texture":"#0","tintindex":0},"north":{"uv":[0.0,0.0,1.8367347,1.8367347],"rotation":0,"texture":"#0","tintindex":0},"west":{"uv":[0.0,0.0,1.6326531,1.6326531],"rotation":0,"texture":"#0","tintindex":0},"up":{"uv":[0.0,0.0,1.6326531,2.0408163],"rotation":0,"texture":"#0","tintindex":0},"down":{"uv":[0.0,0.0,1.6326531,2.0408163],"rotation":0,"texture":"#0","tintindex":0}}},{"from":[4.5714283,6.285714,13.571428],"to":[11.285714,9.142858,15.285715],"rotation":{"angle":0.0,"axis":"y","origin":[8.0,-9.714287,8.0]},"faces":{"east":{"uv":[0.0,0.0,1.6326531,1.6326531],"rotation":0,"texture":"#0","tintindex":0},"south":{"uv":[0.0,0.0,1.4285715,1.4285715],"rotation":0,"texture":"#0","tintindex":0},"north":{"uv":[0.0,0.0,1.8367347,1.8367347],"rotation":0,"texture":"#0","tintindex":0},"west":{"uv":[0.0,0.0,1.6326531,1.6326531],"rotation":0,"texture":"#0","tintindex":0},"up":{"uv":[0.0,0.0,1.6326531,2.0408163],"rotation":0,"texture":"#0","tintindex":0},"down":{"uv":[0.0,0.0,1.6326531,2.0408163],"rotation":0,"texture":"#0","tintindex":0}}},{"from":[4.5714283,6.285714,4.5714283],"to":[11.285714,9.142858,6.285714],"rotation":{"angle":0.0,"axis":"y","origin":[8.0,-9.714287,8.0]},"faces":{"east":{"uv":[0.0,0.0,1.6326531,1.6326531],"rotation":0,"texture":"#0","tintindex":0},"south":{"uv":[0.0,0.0,1.4285715,1.4285715],"rotation":0,"texture":"#0","tintindex":0},"north":{"uv":[0.0,0.0,1.8367347,1.8367347],"rotation":0,"texture":"#0","tintindex":0},"west":{"uv":[0.0,0.0,1.6326531,1.6326531],"rotation":0,"texture":"#0","tintindex":0},"up":{"uv":[0.0,0.0,1.6326531,2.0408163],"rotation":0,"texture":"#0","tintindex":0},"down":{"uv":[0.0,0.0,1.6326531,2.0408163],"rotation":0,"texture":"#0","tintindex":0}}},{"from":[5.714286,8.0,5.714286],"to":[9.714286,11.428572,13.714286],"rotation":{"angle":0.0,"axis":"y","origin":[8.0,-9.714287,8.0]},"faces":{"east":{"uv":[0.14285715,3.2857144,2.0,4.0],"rotation":0,"texture":"#0","tintindex":0},"south":{"uv":[0.0,3.5714285,0.85714287,4.285714],"rotation":0,"texture":"#0","tintindex":0},"north":{"uv":[0.0,3.5714285,1.1428572,4.428571],"rotation":0,"texture":"#0","tintindex":0},"west":{"uv":[0.0,0.0,1.6326531,1.6326531],"rotation":0,"texture":"#0","tintindex":0},"up":{"uv":[0.0,0.0,1.6326531,2.0408163],"rotation":0,"texture":"#0","tintindex":0},"down":{"uv":[0.0,0.0,1.6326531,2.0408163],"rotation":0,"texture":"#0","tintindex":0}}},{"from":[3.4285712,6.285714,5.714286],"to":[6.285714,12.0,13.714286],"rotation":{"angle":0.0,"axis":"y","origin":[8.0,-9.714287,8.0]},"faces":{"east":{"uv":[0.0,0.0,1.6326531,1.6326531],"rotation":0,"texture":"#0","tintindex":0},"south":{"uv":[0.0,0.0,1.4285715,1.4285715],"rotation":0,"texture":"#0","tintindex":0},"north":{"uv":[0.0,0.0,1.8367347,1.8367347],"rotation":0,"texture":"#0","tintindex":0},"west":{"uv":[0.0,0.0,1.6326531,1.6326531],"rotation":0,"texture":"#0","tintindex":0},"up":{"uv":[0.0,0.0,1.6326531,2.0408163],"rotation":0,"texture":"#0","tintindex":0},"down":{"uv":[0.0,0.0,1.6326531,2.0408163],"rotation":0,"texture":"#0","tintindex":0}}},{"from":[5.5714283,10.857143,5.142857],"to":[10.571428,14.285715,14.285715],"rotation":{"angle":0.0,"axis":"y","origin":[8.0,-9.714287,8.0]},"faces":{"east":{"uv":[0.0,0.0,1.6326531,1.6326531],"rotation":0,"texture":"#0","tintindex":0},"south":{"uv":[0.0,0.0,1.4285715,1.4285715],"rotation":0,"texture":"#0","tintindex":0},"north":{"uv":[0.0,0.0,1.8367347,1.8367347],"rotation":0,"texture":"#0","tintindex":0},"west":{"uv":[0.0,0.0,1.6326531,1.6326531],"rotation":0,"texture":"#0","tintindex":0},"up":{"uv":[0.0,0.0,1.6326531,2.0408163],"rotation":0,"texture":"#0","tintindex":0},"down":{"uv":[0.0,0.0,1.6326531,2.0408163],"rotation":0,"texture":"#0","tintindex":0}}},{"from":[-12.1428585,7.857143,5.142857],"to":[-2.285715,11.857143,14.285715],"rotation":{"angle":-22.5,"axis":"z","origin":[8.0,-9.714287,8.0]},"faces":{"east":{"uv":[1.6326531,1.6326531,0.0,0.0],"rotation":0,"texture":"#0","tintindex":0},"south":{"uv":[7.571429,16.0,0.0,8.285714],"rotation":0,"texture":"#0","tintindex":0},"north":{"uv":[0.0,16.0,7.571429,8.285714],"rotation":0,"texture":"#0","tintindex":0},"west":{"uv":[4.0612245,1.6326531,2.4285715,0.0],"rotation":0,"texture":"#0","tintindex":0},"up":{"uv":[7.571429,16.0,0.0,8.285714],"rotation":0,"texture":"#0","tintindex":0},"down":{"uv":[0.0,16.0,7.571429,8.285714],"rotation":0,"texture":"#0","tintindex":0}}}],"display":{"head":{"translation":[0.0,-6.4,0.0],"scale":[4.0,4.0,4.0]}}}