{"textures":{"0":"modelengine:entity/shinobi"},"elements":[{"from":[8.766666,7.267143,8.0],"to":[13.202381,8.732857,8.0],"rotation":{"angle":0.0,"axis":"y","origin":[2.087381,-0.29285717,11.731786]},"faces":{"east":{"uv":[3.765,14.265,4.625,14.735],"rotation":0,"texture":"#0","tintindex":0},"south":{"uv":[7.735,15.015,6.89,15.36],"rotation":0,"texture":"#0","tintindex":0},"north":{"uv":[6.89,15.015,7.735,15.36],"rotation":0,"texture":"#0","tintindex":0},"west":{"uv":[5.765,14.265,6.625,14.735],"rotation":0,"texture":"#0","tintindex":0},"up":{"uv":[7.625,13.625,6.765,12.765],"rotation":0,"texture":"#0","tintindex":0},"down":{"uv":[8.625,12.765,7.765,13.625],"rotation":0,"texture":"#0","tintindex":0}}},{"from":[6.040952,7.6142855,7.585357],"to":[9.20381,8.385715,8.414643],"rotation":{"angle":0.0,"axis":"y","origin":[2.087381,-0.29285717,11.731786]},"faces":{"east":{"uv":[7.8775,15.1275,8.1275,15.3775],"rotation":0,"texture":"#0","tintindex":0},"south":{"uv":[9.3775,15.015,8.265,15.235],"rotation":0,"texture":"#0","tintindex":0},"north":{"uv":[8.265,15.015,9.3775,15.235],"rotation":0,"texture":"#0","tintindex":0},"west":{"uv":[7.8775,15.5025,8.1275,15.735],"rotation":0,"texture":"#0","tintindex":0},"up":{"uv":[9.3775,15.493125,8.265,15.255625],"rotation":0,"texture":"#0","tintindex":0},"down":{"uv":[9.3775,15.493125,8.265,15.255625],"rotation":0,"texture":"#0","tintindex":0}}},{"from":[4.9416666,7.3828573,8.0],"to":[6.0988092,8.617143,8.0],"rotation":{"angle":0.0,"axis":"y","origin":[2.087381,-0.29285717,11.731786]},"faces":{"east":{"uv":[3.765,14.265,4.625,14.735],"rotation":0,"texture":"#0","tintindex":0},"south":{"uv":[8.736875,15.515,8.39625,15.85875],"rotation":0,"texture":"#0","tintindex":0},"north":{"uv":[8.39625,15.515,8.736875,15.85875],"rotation":0,"texture":"#0","tintindex":0},"west":{"uv":[5.765,14.265,6.625,14.735],"rotation":0,"texture":"#0","tintindex":0},"up":{"uv":[7.625,13.625,6.765,12.765],"rotation":0,"texture":"#0","tintindex":0},"down":{"uv":[8.625,12.765,7.765,13.625],"rotation":0,"texture":"#0","tintindex":0}}}],"display":{"head":{"translation":[0.0,-6.4,0.0],"scale":[4.0,4.0,4.0]}}}