{"textures":{"0":"modelengine:entity/shinobi"},"elements":[{"from":[7.305714,5.322857,6.3685713],"to":[8.705714,6.7514286,7.8542857],"rotation":{"angle":0.0,"axis":"y","origin":[8.005714,7.322857,7.1114283]},"faces":{"east":{"uv":[13.515,14.015,14.235,14.625],"rotation":0,"texture":"#0","tintindex":0},"south":{"uv":[0.015,14.265,0.735,14.875],"rotation":0,"texture":"#0","tintindex":0},"north":{"uv":[14.015,12.765,14.735,13.375],"rotation":0,"texture":"#0","tintindex":0},"west":{"uv":[14.265,0.515,14.985,1.125],"rotation":0,"texture":"#0","tintindex":0},"up":{"uv":[4.485,14.235,3.765,13.515],"rotation":0,"texture":"#0","tintindex":0},"down":{"uv":[6.735,13.515,6.015,14.235],"rotation":0,"texture":"#0","tintindex":0}}},{"from":[7.12,6.0371428,6.14],"to":[8.891429,8.037143,8.082857],"rotation":{"angle":0.0,"axis":"y","origin":[11.262857,-1.4628572,7.1114283]},"faces":{"east":{"uv":[11.015,12.765,11.875,13.625],"rotation":0,"texture":"#0","tintindex":0},"south":{"uv":[13.265,13.015,13.985,13.875],"rotation":0,"texture":"#0","tintindex":0},"north":{"uv":[13.265,12.015,13.985,12.875],"rotation":0,"texture":"#0","tintindex":0},"west":{"uv":[8.765,13.015,9.625,13.875],"rotation":0,"texture":"#0","tintindex":0},"up":{"uv":[14.235,1.375,13.515,0.515],"rotation":0,"texture":"#0","tintindex":0},"down":{"uv":[3.735,13.515,3.015,14.375],"rotation":0,"texture":"#0","tintindex":0}}},{"from":[7.0914288,6.38,6.068571],"to":[8.92,7.2371426,8.154285],"rotation":{"angle":0.0,"axis":"y","origin":[11.262857,-1.4628572,7.1114283]},"faces":{"east":{"uv":[14.515,10.015,15.375,10.375],"rotation":0,"texture":"#0","tintindex":0},"south":{"uv":[5.015,14.765,5.735,15.125],"rotation":0,"texture":"#0","tintindex":0},"north":{"uv":[14.765,4.515,15.485,4.875],"rotation":0,"texture":"#0","tintindex":0},"west":{"uv":[14.515,10.515,15.375,10.875],"rotation":0,"texture":"#0","tintindex":0},"up":{"uv":[6.985,11.125,6.265,10.265],"rotation":0,"texture":"#0","tintindex":0},"down":{"uv":[10.485,13.265,9.765,14.125],"rotation":0,"texture":"#0","tintindex":0}}}],"display":{"head":{"translation":[0.0,-6.4,0.0],"scale":[4.0,4.0,4.0]}}}