{"textures":{"0":"modelengine:entity/shinobi"},"elements":[{"from":[7.028571,5.1761904,7.990476],"to":[8.971429,8.033334,10.047619],"rotation":{"angle":0.0,"axis":"y","origin":[6.9142857,4.604762,8.990477]},"faces":{"east":{"uv":[5.875,12.015,5.015,13.235],"rotation":0,"texture":"#0","tintindex":0},"south":{"uv":[0.875,12.015,0.015,13.235],"rotation":0,"texture":"#0","tintindex":0},"north":{"uv":[12.125,11.515,11.265,12.735],"rotation":0,"texture":"#0","tintindex":0},"west":{"uv":[12.625,2.265,11.765,3.485],"rotation":0,"texture":"#0","tintindex":0},"up":{"uv":[12.765,2.625,13.625,1.765],"rotation":0,"texture":"#0","tintindex":0},"down":{"uv":[2.015,12.765,2.875,13.625],"rotation":0,"texture":"#0","tintindex":0}}},{"from":[6.989857,3.6091905,6.722762],"to":[9.010143,4.745762,10.232762],"rotation":{"angle":0.0,"axis":"y","origin":[8.0,4.5619044,8.776191]},"faces":{"east":{"uv":[15.125,1.515,13.765,1.875],"rotation":0,"texture":"#0","tintindex":0},"south":{"uv":[15.485,3.515,14.765,3.875],"rotation":0,"texture":"#0","tintindex":0},"north":{"uv":[15.485,3.015,14.765,3.375],"rotation":0,"texture":"#0","tintindex":0},"west":{"uv":[1.375,13.765,0.015,14.125],"rotation":0,"texture":"#0","tintindex":0},"up":{"uv":[9.265,12.875,9.985,11.515],"rotation":0,"texture":"#0","tintindex":0},"down":{"uv":[6.015,12.015,6.735,13.375],"rotation":0,"texture":"#0","tintindex":0}}},{"from":[7.114143,4.6120477,8.024048],"to":[8.885858,5.2806187,10.039476],"rotation":{"angle":0.0,"axis":"y","origin":[8.0,4.5619044,8.776191]},"faces":{"east":{"uv":[6.985,11.265,6.265,11.485],"rotation":0,"texture":"#0","tintindex":0},"south":{"uv":[12.625,10.515,12.015,10.735],"rotation":0,"texture":"#0","tintindex":0},"north":{"uv":[12.375,4.265,11.765,4.485],"rotation":0,"texture":"#0","tintindex":0},"west":{"uv":[1.985,10.765,1.265,10.985],"rotation":0,"texture":"#0","tintindex":0},"up":{"uv":[14.015,12.735,14.625,12.015],"rotation":0,"texture":"#0","tintindex":0},"down":{"uv":[12.765,14.015,13.375,14.735],"rotation":0,"texture":"#0","tintindex":0}}}],"display":{"head":{"translation":[0.0,-6.4,0.0],"scale":[4.0,4.0,4.0]}}}