{"textures":{"0":"modelengine:entity/shinobi"},"elements":[{"from":[6.102857,5.8885713,6.5942855],"to":[8.045714,9.031428,8.908571],"rotation":{"angle":0.0,"axis":"y","origin":[10.331429,-4.111429,7.7514286]},"faces":{"east":{"uv":[4.015,11.015,4.985,12.375],"rotation":0,"texture":"#0","tintindex":0},"south":{"uv":[11.515,4.515,12.375,5.875],"rotation":0,"texture":"#0","tintindex":0},"north":{"uv":[11.515,0.765,12.375,2.125],"rotation":0,"texture":"#0","tintindex":0},"west":{"uv":[11.015,7.765,11.985,9.125],"rotation":0,"texture":"#0","tintindex":0},"up":{"uv":[13.375,5.235,12.515,4.265],"rotation":0,"texture":"#0","tintindex":0},"down":{"uv":[13.125,12.515,12.265,13.485],"rotation":0,"texture":"#0","tintindex":0}}},{"from":[5.46,8.217143,6.4514284],"to":[8.288571,9.217143,8.937143],"rotation":{"angle":0.0,"axis":"y","origin":[6.66,8.717143,7.694286]},"faces":{"east":{"uv":[13.515,6.515,14.625,6.985],"rotation":0,"texture":"#0","tintindex":0},"south":{"uv":[13.515,5.515,14.735,5.985],"rotation":0,"texture":"#0","tintindex":0},"north":{"uv":[13.515,5.015,14.735,5.485],"rotation":0,"texture":"#0","tintindex":0},"west":{"uv":[12.015,13.515,13.125,13.985],"rotation":0,"texture":"#0","tintindex":0},"up":{"uv":[11.235,11.875,10.015,10.765],"rotation":0,"texture":"#0","tintindex":0},"down":{"uv":[2.485,11.015,1.265,12.125],"rotation":0,"texture":"#0","tintindex":0}}},{"from":[6.0314283,5.8742857,6.48],"to":[8.117143,6.7314286,9.022858],"rotation":{"angle":0.0,"axis":"y","origin":[10.331429,-4.111429,7.7514286]},"faces":{"east":{"uv":[14.265,14.015,15.375,14.375],"rotation":0,"texture":"#0","tintindex":0},"south":{"uv":[8.765,14.515,9.625,14.875],"rotation":0,"texture":"#0","tintindex":0},"north":{"uv":[7.765,14.515,8.625,14.875],"rotation":0,"texture":"#0","tintindex":0},"west":{"uv":[0.765,14.515,1.875,14.875],"rotation":0,"texture":"#0","tintindex":0},"up":{"uv":[12.875,10.375,12.015,9.265],"rotation":0,"texture":"#0","tintindex":0},"down":{"uv":[10.875,12.015,10.015,13.125],"rotation":0,"texture":"#0","tintindex":0}}},{"from":[6.317143,5.802857,8.908571],"to":[7.774286,6.8885713,9.194286],"rotation":{"angle":0.0,"axis":"y","origin":[7.0457144,6.345714,9.051429]},"faces":{"east":{"uv":[13.765,14.765,13.875,15.235],"rotation":0,"texture":"#0","tintindex":0},"south":{"uv":[14.765,2.515,15.375,2.985],"rotation":0,"texture":"#0","tintindex":0},"north":{"uv":[14.765,2.015,15.375,2.485],"rotation":0,"texture":"#0","tintindex":0},"west":{"uv":[14.015,14.765,14.125,15.235],"rotation":0,"texture":"#0","tintindex":0},"up":{"uv":[13.625,14.875,13.015,14.765],"rotation":0,"texture":"#0","tintindex":0},"down":{"uv":[0.625,15.015,0.015,15.125],"rotation":0,"texture":"#0","tintindex":0}}},{"from":[6.1314287,5.0314283,6.5942855],"to":[8.017143,5.8885713,8.908571],"rotation":{"angle":0.0,"axis":"y","origin":[10.331429,-4.111429,7.7514286]},"faces":{"east":{"uv":[2.515,14.515,3.485,14.875],"rotation":0,"texture":"#0","tintindex":0},"south":{"uv":[14.265,14.515,15.125,14.875],"rotation":0,"texture":"#0","tintindex":0},"north":{"uv":[14.515,11.015,15.375,11.375],"rotation":0,"texture":"#0","tintindex":0},"west":{"uv":[6.765,14.515,7.735,14.875],"rotation":0,"texture":"#0","tintindex":0},"up":{"uv":[13.375,1.735,12.515,0.765],"rotation":0,"texture":"#0","tintindex":0},"down":{"uv":[4.375,12.515,3.515,13.485],"rotation":0,"texture":"#0","tintindex":0}}}],"display":{"head":{"translation":[0.0,-6.4,0.0],"scale":[4.0,4.0,4.0]}}}