{"textures":{"0":"modelengine:entity/shinobi"},"elements":[{"from":[7.028571,5.1761904,7.990476],"to":[8.971429,8.033334,10.047619],"rotation":{"angle":0.0,"axis":"y","origin":[9.085714,4.604762,8.990477]},"faces":{"east":{"uv":[11.765,2.265,12.625,3.485],"rotation":0,"texture":"#0","tintindex":0},"south":{"uv":[0.015,12.015,0.875,13.235],"rotation":0,"texture":"#0","tintindex":0},"north":{"uv":[11.265,11.515,12.125,12.735],"rotation":0,"texture":"#0","tintindex":0},"west":{"uv":[5.015,12.015,5.875,13.235],"rotation":0,"texture":"#0","tintindex":0},"up":{"uv":[13.625,2.625,12.765,1.765],"rotation":0,"texture":"#0","tintindex":0},"down":{"uv":[2.875,12.765,2.015,13.625],"rotation":0,"texture":"#0","tintindex":0}}},{"from":[7.0041428,3.6091905,6.722762],"to":[8.995857,4.745762,10.232762],"rotation":{"angle":0.0,"axis":"y","origin":[8.0,4.5619044,8.776191]},"faces":{"east":{"uv":[0.015,13.765,1.375,14.125],"rotation":0,"texture":"#0","tintindex":0},"south":{"uv":[14.765,3.515,15.485,3.875],"rotation":0,"texture":"#0","tintindex":0},"north":{"uv":[14.765,3.015,15.485,3.375],"rotation":0,"texture":"#0","tintindex":0},"west":{"uv":[13.765,1.515,15.125,1.875],"rotation":0,"texture":"#0","tintindex":0},"up":{"uv":[9.985,12.875,9.265,11.515],"rotation":0,"texture":"#0","tintindex":0},"down":{"uv":[6.735,12.015,6.015,13.375],"rotation":0,"texture":"#0","tintindex":0}}},{"from":[7.114143,4.6120477,8.024048],"to":[8.885858,5.2806187,10.039476],"rotation":{"angle":0.0,"axis":"y","origin":[8.0,4.5619044,8.776191]},"faces":{"east":{"uv":[1.265,10.765,1.985,10.985],"rotation":0,"texture":"#0","tintindex":0},"south":{"uv":[12.015,10.515,12.625,10.735],"rotation":0,"texture":"#0","tintindex":0},"north":{"uv":[11.765,4.265,12.375,4.485],"rotation":0,"texture":"#0","tintindex":0},"west":{"uv":[6.265,11.265,6.985,11.485],"rotation":0,"texture":"#0","tintindex":0},"up":{"uv":[14.625,12.735,14.015,12.015],"rotation":0,"texture":"#0","tintindex":0},"down":{"uv":[13.375,14.015,12.765,14.735],"rotation":0,"texture":"#0","tintindex":0}}}],"display":{"head":{"translation":[0.0,-6.4,0.0],"scale":[4.0,4.0,4.0]}}}