{"textures":{"0":"modelengine:entity/shinobi"},"elements":[{"from":[6.942857,4.6619043,6.6714287],"to":[9.057143,8.090476,8.8714285],"rotation":{"angle":0.0,"axis":"y","origin":[6.9142857,1.2333331,7.742857]},"faces":{"east":{"uv":[7.985,10.015,7.015,11.485],"rotation":0,"texture":"#0","tintindex":0},"south":{"uv":[3.375,11.265,2.515,12.735],"rotation":0,"texture":"#0","tintindex":0},"north":{"uv":[11.875,9.265,11.015,10.735],"rotation":0,"texture":"#0","tintindex":0},"west":{"uv":[4.985,9.515,4.015,10.985],"rotation":0,"texture":"#0","tintindex":0},"up":{"uv":[1.015,13.235,1.875,12.265],"rotation":0,"texture":"#0","tintindex":0},"down":{"uv":[12.265,11.515,13.125,12.485],"rotation":0,"texture":"#0","tintindex":0}}},{"from":[7.1,4.147619,6.342857],"to":[8.9,5.5190477,6.6285715],"rotation":{"angle":0.0,"axis":"y","origin":[6.9142857,1.2333331,7.742857]},"faces":{"east":{"uv":[14.875,12.765,14.765,13.375],"rotation":0,"texture":"#0","tintindex":0},"south":{"uv":[12.735,14.015,12.015,14.625],"rotation":0,"texture":"#0","tintindex":0},"north":{"uv":[14.735,8.765,14.015,9.375],"rotation":0,"texture":"#0","tintindex":0},"west":{"uv":[12.875,14.765,12.765,15.375],"rotation":0,"texture":"#0","tintindex":0},"up":{"uv":[12.015,14.875,12.735,14.765],"rotation":0,"texture":"#0","tintindex":0},"down":{"uv":[14.765,12.015,15.485,12.125],"rotation":0,"texture":"#0","tintindex":0}}},{"from":[6.9,4.5333333,6.528571],"to":[9.1,5.104762,9.014286],"rotation":{"angle":0.0,"axis":"y","origin":[6.9142857,1.2333331,7.742857]},"faces":{"east":{"uv":[4.875,14.765,3.765,14.985],"rotation":0,"texture":"#0","tintindex":0},"south":{"uv":[8.985,7.765,8.015,7.985],"rotation":0,"texture":"#0","tintindex":0},"north":{"uv":[5.985,7.765,5.015,7.985],"rotation":0,"texture":"#0","tintindex":0},"west":{"uv":[15.875,0.265,14.765,0.485],"rotation":0,"texture":"#0","tintindex":0},"up":{"uv":[7.265,12.625,8.235,11.515],"rotation":0,"texture":"#0","tintindex":0},"down":{"uv":[8.265,11.515,9.235,12.625],"rotation":0,"texture":"#0","tintindex":0}}}],"display":{"head":{"translation":[0.0,-6.4,0.0],"scale":[4.0,4.0,4.0]}}}