{"textures":{"0":"modelengine:entity/shinobi"},"elements":[{"from":[7.9542856,5.8885713,6.5942855],"to":[9.897142,9.031428,8.908571],"rotation":{"angle":0.0,"axis":"y","origin":[5.6685715,-4.111429,7.7514286]},"faces":{"east":{"uv":[11.985,7.765,11.015,9.125],"rotation":0,"texture":"#0","tintindex":0},"south":{"uv":[12.375,4.515,11.515,5.875],"rotation":0,"texture":"#0","tintindex":0},"north":{"uv":[12.375,0.765,11.515,2.125],"rotation":0,"texture":"#0","tintindex":0},"west":{"uv":[4.985,11.015,4.015,12.375],"rotation":0,"texture":"#0","tintindex":0},"up":{"uv":[12.515,5.235,13.375,4.265],"rotation":0,"texture":"#0","tintindex":0},"down":{"uv":[12.265,12.515,13.125,13.485],"rotation":0,"texture":"#0","tintindex":0}}},{"from":[7.7114286,8.217143,6.4514284],"to":[10.54,9.217143,8.937143],"rotation":{"angle":0.0,"axis":"y","origin":[9.34,8.717143,7.694286]},"faces":{"east":{"uv":[13.125,13.515,12.015,13.985],"rotation":0,"texture":"#0","tintindex":0},"south":{"uv":[14.735,5.515,13.515,5.985],"rotation":0,"texture":"#0","tintindex":0},"north":{"uv":[14.735,5.015,13.515,5.485],"rotation":0,"texture":"#0","tintindex":0},"west":{"uv":[14.625,6.515,13.515,6.985],"rotation":0,"texture":"#0","tintindex":0},"up":{"uv":[10.015,11.875,11.235,10.765],"rotation":0,"texture":"#0","tintindex":0},"down":{"uv":[1.265,11.015,2.485,12.125],"rotation":0,"texture":"#0","tintindex":0}}},{"from":[7.8828573,5.8742857,6.48],"to":[9.968572,6.7314286,9.022858],"rotation":{"angle":0.0,"axis":"y","origin":[5.6685715,-4.111429,7.7514286]},"faces":{"east":{"uv":[1.875,14.515,0.765,14.875],"rotation":0,"texture":"#0","tintindex":0},"south":{"uv":[9.625,14.515,8.765,14.875],"rotation":0,"texture":"#0","tintindex":0},"north":{"uv":[8.625,14.515,7.765,14.875],"rotation":0,"texture":"#0","tintindex":0},"west":{"uv":[15.375,14.015,14.265,14.375],"rotation":0,"texture":"#0","tintindex":0},"up":{"uv":[12.015,10.375,12.875,9.265],"rotation":0,"texture":"#0","tintindex":0},"down":{"uv":[10.015,12.015,10.875,13.125],"rotation":0,"texture":"#0","tintindex":0}}},{"from":[8.225715,5.802857,8.908571],"to":[9.6828575,6.8885713,9.194286],"rotation":{"angle":0.0,"axis":"y","origin":[8.954286,6.345714,9.051429]},"faces":{"east":{"uv":[14.125,14.765,14.015,15.235],"rotation":0,"texture":"#0","tintindex":0},"south":{"uv":[15.375,2.515,14.765,2.985],"rotation":0,"texture":"#0","tintindex":0},"north":{"uv":[15.375,2.015,14.765,2.485],"rotation":0,"texture":"#0","tintindex":0},"west":{"uv":[13.875,14.765,13.765,15.235],"rotation":0,"texture":"#0","tintindex":0},"up":{"uv":[13.015,14.875,13.625,14.765],"rotation":0,"texture":"#0","tintindex":0},"down":{"uv":[0.015,15.015,0.625,15.125],"rotation":0,"texture":"#0","tintindex":0}}},{"from":[7.982857,5.0314283,6.5942855],"to":[9.868571,5.8885713,8.908571],"rotation":{"angle":0.0,"axis":"y","origin":[5.6685715,-4.111429,7.7514286]},"faces":{"east":{"uv":[7.735,14.515,6.765,14.875],"rotation":0,"texture":"#0","tintindex":0},"south":{"uv":[15.125,14.515,14.265,14.875],"rotation":0,"texture":"#0","tintindex":0},"north":{"uv":[15.375,11.015,14.515,11.375],"rotation":0,"texture":"#0","tintindex":0},"west":{"uv":[3.485,14.515,2.515,14.875],"rotation":0,"texture":"#0","tintindex":0},"up":{"uv":[12.515,1.735,13.375,0.765],"rotation":0,"texture":"#0","tintindex":0},"down":{"uv":[3.515,12.515,4.375,13.485],"rotation":0,"texture":"#0","tintindex":0}}}],"display":{"head":{"translation":[0.0,-6.4,0.0],"scale":[4.0,4.0,4.0]}}}