{"textures":{"0":"modelengine:entity/shinobi"},"elements":[{"from":[7.294286,5.322857,6.3685713],"to":[8.694285,6.7514286,7.8542857],"rotation":{"angle":0.0,"axis":"y","origin":[7.9942856,7.322857,7.1114283]},"faces":{"east":{"uv":[14.985,0.515,14.265,1.125],"rotation":0,"texture":"#0","tintindex":0},"south":{"uv":[0.735,14.265,0.015,14.875],"rotation":0,"texture":"#0","tintindex":0},"north":{"uv":[14.735,12.765,14.015,13.375],"rotation":0,"texture":"#0","tintindex":0},"west":{"uv":[14.235,14.015,13.515,14.625],"rotation":0,"texture":"#0","tintindex":0},"up":{"uv":[3.765,14.235,4.485,13.515],"rotation":0,"texture":"#0","tintindex":0},"down":{"uv":[6.015,13.515,6.735,14.235],"rotation":0,"texture":"#0","tintindex":0}}},{"from":[7.1085715,6.0371428,6.14],"to":[8.88,8.037143,8.082857],"rotation":{"angle":0.0,"axis":"y","origin":[4.7371426,-1.4628572,7.1114283]},"faces":{"east":{"uv":[9.625,13.015,8.765,13.875],"rotation":0,"texture":"#0","tintindex":0},"south":{"uv":[13.985,13.015,13.265,13.875],"rotation":0,"texture":"#0","tintindex":0},"north":{"uv":[13.985,12.015,13.265,12.875],"rotation":0,"texture":"#0","tintindex":0},"west":{"uv":[11.875,12.765,11.015,13.625],"rotation":0,"texture":"#0","tintindex":0},"up":{"uv":[13.515,1.375,14.235,0.515],"rotation":0,"texture":"#0","tintindex":0},"down":{"uv":[3.015,13.515,3.735,14.375],"rotation":0,"texture":"#0","tintindex":0}}},{"from":[7.08,6.38,6.068571],"to":[8.908571,7.2371426,8.154285],"rotation":{"angle":0.0,"axis":"y","origin":[4.7371426,-1.4628572,7.1114283]},"faces":{"east":{"uv":[15.375,10.515,14.515,10.875],"rotation":0,"texture":"#0","tintindex":0},"south":{"uv":[5.735,14.765,5.015,15.125],"rotation":0,"texture":"#0","tintindex":0},"north":{"uv":[15.485,4.515,14.765,4.875],"rotation":0,"texture":"#0","tintindex":0},"west":{"uv":[15.375,10.015,14.515,10.375],"rotation":0,"texture":"#0","tintindex":0},"up":{"uv":[6.265,11.125,6.985,10.265],"rotation":0,"texture":"#0","tintindex":0},"down":{"uv":[9.765,13.265,10.485,14.125],"rotation":0,"texture":"#0","tintindex":0}}}],"display":{"head":{"translation":[0.0,-6.4,0.0],"scale":[4.0,4.0,4.0]}}}