{"textures":{"0":"modelengine:entity/itachisusanoarmor"},"elements":[{"from":[1.6031442,6.0,3.6445913],"to":[14.888859,10.0,15.501734],"rotation":{"angle":0.0,"axis":"y","origin":[8.174573,8.0,7.7874484]},"faces":{"east":{"uv":[0.0,0.0,1.6326531,1.6326531],"rotation":0,"texture":"#0","tintindex":0},"south":{"uv":[0.0,0.0,1.4285715,1.4285715],"rotation":0,"texture":"#0","tintindex":0},"north":{"uv":[0.0,0.0,1.8367347,1.8367347],"rotation":0,"texture":"#0","tintindex":0},"west":{"uv":[0.0,0.0,1.6326531,1.6326531],"rotation":0,"texture":"#0","tintindex":0},"up":{"uv":[0.0,0.0,1.6326531,2.0408163],"rotation":0,"texture":"#0","tintindex":0},"down":{"uv":[0.0,0.0,1.6326531,2.0408163],"rotation":0,"texture":"#0","tintindex":0}}},{"from":[13.1552725,6.0,0.40343714],"to":[16.155273,10.0,6.4034376],"rotation":{"angle":22.5,"axis":"y","origin":[8.587237,8.0,8.207359]},"faces":{"east":{"uv":[0.0,0.0,1.6326531,1.6326531],"rotation":0,"texture":"#0","tintindex":0},"south":{"uv":[0.0,0.0,1.4285715,1.4285715],"rotation":0,"texture":"#0","tintindex":0},"north":{"uv":[0.0,0.0,1.8367347,1.8367347],"rotation":0,"texture":"#0","tintindex":0},"west":{"uv":[0.0,0.0,1.6326531,1.6326531],"rotation":0,"texture":"#0","tintindex":0},"up":{"uv":[0.0,0.0,1.6326531,2.0408163],"rotation":0,"texture":"#0","tintindex":0},"down":{"uv":[0.0,0.0,1.6326531,2.0408163],"rotation":0,"texture":"#0","tintindex":0}}},{"from":[2.717237,6.0,18.833279],"to":[7.4315233,10.0,22.261848],"rotation":{"angle":22.5,"axis":"y","origin":[6.9446945,1.9999995,8.678056]},"faces":{"east":{"uv":[0.0,0.0,1.6326531,1.6326531],"rotation":0,"texture":"#0","tintindex":0},"south":{"uv":[0.0,0.0,1.4285715,1.4285715],"rotation":0,"texture":"#0","tintindex":0},"north":{"uv":[0.0,0.0,1.8367347,1.8367347],"rotation":0,"texture":"#0","tintindex":0},"west":{"uv":[0.0,0.0,1.6326531,1.6326531],"rotation":0,"texture":"#0","tintindex":0},"up":{"uv":[0.0,0.0,1.6326531,2.0408163],"rotation":0,"texture":"#0","tintindex":0},"down":{"uv":[0.0,0.0,1.6326531,2.0408163],"rotation":0,"texture":"#0","tintindex":0}}},{"from":[-1.0188246,6.0,12.259759],"to":[1.9811759,10.0,18.25976],"rotation":{"angle":22.5,"axis":"y","origin":[8.432697,8.0,7.28825]},"faces":{"east":{"uv":[0.0,0.0,1.6326531,1.6326531],"rotation":0,"texture":"#0","tintindex":0},"south":{"uv":[0.0,0.0,1.4285715,1.4285715],"rotation":0,"texture":"#0","tintindex":0},"north":{"uv":[0.0,0.0,1.8367347,1.8367347],"rotation":0,"texture":"#0","tintindex":0},"west":{"uv":[0.0,0.0,1.6326531,1.6326531],"rotation":0,"texture":"#0","tintindex":0},"up":{"uv":[0.0,0.0,1.6326531,2.0408163],"rotation":0,"texture":"#0","tintindex":0},"down":{"uv":[0.0,0.0,1.6326531,2.0408163],"rotation":0,"texture":"#0","tintindex":0}}},{"from":[9.016983,6.0,19.051954],"to":[13.731269,10.0,22.480526],"rotation":{"angle":-22.5,"axis":"y","origin":[10.07524,1.9999995,8.896731]},"faces":{"east":{"uv":[0.0,0.0,1.6326531,1.6326531],"rotation":0,"texture":"#0","tintindex":0},"south":{"uv":[0.0,0.0,1.4285715,1.4285715],"rotation":0,"texture":"#0","tintindex":0},"north":{"uv":[0.0,0.0,1.8367347,1.8367347],"rotation":0,"texture":"#0","tintindex":0},"west":{"uv":[0.0,0.0,1.6326531,1.6326531],"rotation":0,"texture":"#0","tintindex":0},"up":{"uv":[0.0,0.0,1.6326531,2.0408163],"rotation":0,"texture":"#0","tintindex":0},"down":{"uv":[0.0,0.0,1.6326531,2.0408163],"rotation":0,"texture":"#0","tintindex":0}}},{"from":[14.46733,6.0,12.4784355],"to":[17.46733,10.0,18.478436],"rotation":{"angle":-22.5,"axis":"y","origin":[8.587237,8.0,7.506926]},"faces":{"east":{"uv":[0.0,0.0,1.6326531,1.6326531],"rotation":0,"texture":"#0","tintindex":0},"south":{"uv":[0.0,0.0,1.4285715,1.4285715],"rotation":0,"texture":"#0","tintindex":0},"north":{"uv":[0.0,0.0,1.8367347,1.8367347],"rotation":0,"texture":"#0","tintindex":0},"west":{"uv":[0.0,0.0,1.6326531,1.6326531],"rotation":0,"texture":"#0","tintindex":0},"up":{"uv":[0.0,0.0,1.6326531,2.0408163],"rotation":0,"texture":"#0","tintindex":0},"down":{"uv":[0.0,0.0,1.6326531,2.0408163],"rotation":0,"texture":"#0","tintindex":0}}},{"from":[7.7049255,6.0,-3.5986528],"to":[12.419211,10.0,-0.17008114],"rotation":{"angle":22.5,"axis":"y","origin":[10.07524,1.9999995,6.817554]},"faces":{"east":{"uv":[0.0,0.0,1.6326531,1.6326531],"rotation":0,"texture":"#0","tintindex":0},"south":{"uv":[0.0,0.0,1.4285715,1.4285715],"rotation":0,"texture":"#0","tintindex":0},"north":{"uv":[0.0,0.0,1.8367347,1.8367347],"rotation":0,"texture":"#0","tintindex":0},"west":{"uv":[0.0,0.0,1.6326531,1.6326531],"rotation":0,"texture":"#0","tintindex":0},"up":{"uv":[0.0,0.0,1.6326531,2.0408163],"rotation":0,"texture":"#0","tintindex":0},"down":{"uv":[0.0,0.0,1.6326531,2.0408163],"rotation":0,"texture":"#0","tintindex":0}}},{"from":[0.2932334,6.0,0.6221137],"to":[3.2932334,10.0,6.6221137],"rotation":{"angle":-22.5,"axis":"y","origin":[8.432697,8.0,8.426036]},"faces":{"east":{"uv":[0.0,0.0,1.6326531,1.6326531],"rotation":0,"texture":"#0","tintindex":0},"south":{"uv":[0.0,0.0,1.4285715,1.4285715],"rotation":0,"texture":"#0","tintindex":0},"north":{"uv":[0.0,0.0,1.8367347,1.8367347],"rotation":0,"texture":"#0","tintindex":0},"west":{"uv":[0.0,0.0,1.6326531,1.6326531],"rotation":0,"texture":"#0","tintindex":0},"up":{"uv":[0.0,0.0,1.6326531,2.0408163],"rotation":0,"texture":"#0","tintindex":0},"down":{"uv":[0.0,0.0,1.6326531,2.0408163],"rotation":0,"texture":"#0","tintindex":0}}},{"from":[4.029295,6.0,-3.3799772],"to":[8.743581,10.0,0.04859495],"rotation":{"angle":-22.5,"axis":"y","origin":[6.9446945,1.9999995,7.03623]},"faces":{"east":{"uv":[0.0,0.0,1.6326531,1.6326531],"rotation":0,"texture":"#0","tintindex":0},"south":{"uv":[0.0,0.0,1.4285715,1.4285715],"rotation":0,"texture":"#0","tintindex":0},"north":{"uv":[0.0,0.0,1.8367347,1.8367347],"rotation":0,"texture":"#0","tintindex":0},"west":{"uv":[0.0,0.0,1.6326531,1.6326531],"rotation":0,"texture":"#0","tintindex":0},"up":{"uv":[0.0,0.0,1.6326531,2.0408163],"rotation":0,"texture":"#0","tintindex":0},"down":{"uv":[0.0,0.0,1.6326531,2.0408163],"rotation":0,"texture":"#0","tintindex":0}}}],"display":{"head":{"translation":[0.0,-6.4,0.0],"scale":[4.0,4.0,4.0]}}}