{"textures":{"0":"modelengine:entity/itachisusanoarmor"},"elements":[{"from":[5.714286,6.0,8.714286],"to":[10.285714,10.285714,13.857143],"rotation":{"angle":0.0,"axis":"y","origin":[8.0,-6.285715,-2.8571434]},"faces":{"east":{"uv":[0.0,0.0,1.6326531,1.6326531],"rotation":0,"texture":"#0","tintindex":0},"south":{"uv":[0.0,0.0,1.4285715,1.4285715],"rotation":0,"texture":"#0","tintindex":0},"north":{"uv":[0.0,0.0,1.8367347,1.8367347],"rotation":0,"texture":"#0","tintindex":0},"west":{"uv":[0.0,0.0,1.6326531,1.6326531],"rotation":0,"texture":"#0","tintindex":0},"up":{"uv":[0.0,0.0,1.6326531,2.0408163],"rotation":0,"texture":"#0","tintindex":0},"down":{"uv":[0.0,0.0,1.6326531,2.0408163],"rotation":0,"texture":"#0","tintindex":0}}}],"display":{"head":{"translation":[0.0,-6.4,0.0],"scale":[4.0,4.0,4.0]}}}