{"textures":{"0":"modelengine:entity/boar_female"},"elements":[{"from":[8.35205,8.181346,7.8884683],"to":[9.402922,8.7943535,9.202057],"rotation":{"angle":45.0,"axis":"x","origin":[8.877485,8.459805,7.574255]},"faces":{"east":{"uv":[13.625,10.5,14.25,10.75],"rotation":0,"texture":"#0","tintindex":0},"south":{"uv":[13.875,1.625,14.375,1.875],"rotation":0,"texture":"#0","tintindex":0},"north":{"uv":[13.875,1.25,14.375,1.5],"rotation":0,"texture":"#0","tintindex":0},"west":{"uv":[13.625,11.375,14.25,11.625],"rotation":0,"texture":"#0","tintindex":0},"up":{"uv":[13.25,7.375,12.75,6.75],"rotation":0,"texture":"#0","tintindex":0},"down":{"uv":[9.125,12.75,8.625,13.375],"rotation":0,"texture":"#0","tintindex":0}}},{"from":[8.527195,7.3133845,6.757357],"to":[9.227776,8.714545,7.4579377],"rotation":{"angle":45.0,"axis":"x","origin":[8.527195,5.790803,6.5537133]},"faces":{"east":{"uv":[6.5,12.875,6.875,13.625],"rotation":0,"texture":"#0","tintindex":0},"south":{"uv":[13.0,0.0,13.375,0.75],"rotation":0,"texture":"#0","tintindex":0},"north":{"uv":[12.875,2.375,13.25,3.125],"rotation":0,"texture":"#0","tintindex":0},"west":{"uv":[13.0,4.0,13.375,4.75],"rotation":0,"texture":"#0","tintindex":0},"up":{"uv":[14.125,8.25,13.75,7.875],"rotation":0,"texture":"#0","tintindex":0},"down":{"uv":[14.125,8.375,13.75,8.75],"rotation":0,"texture":"#0","tintindex":0}}},{"from":[8.439623,6.946761,6.955702],"to":[9.315349,7.559769,7.743855],"rotation":{"angle":22.5,"axis":"x","origin":[8.527195,5.4405127,6.203423]},"faces":{"east":{"uv":[2.375,14.0,2.75,14.25],"rotation":0,"texture":"#0","tintindex":0},"south":{"uv":[13.75,13.625,14.25,13.875],"rotation":0,"texture":"#0","tintindex":0},"north":{"uv":[13.75,13.25,14.25,13.5],"rotation":0,"texture":"#0","tintindex":0},"west":{"uv":[8.0,14.0,8.375,14.25],"rotation":0,"texture":"#0","tintindex":0},"up":{"uv":[14.0,4.25,13.5,3.875],"rotation":0,"texture":"#0","tintindex":0},"down":{"uv":[14.0,4.375,13.5,4.75],"rotation":0,"texture":"#0","tintindex":0}}}],"display":{"head":{"translation":[0.0,-6.4,0.0],"scale":[4.0,4.0,4.0]}}}