{"textures":{"0":"modelengine:entity/boar_female"},"elements":[{"from":[7.262128,7.2948003,8.123662],"to":[8.312999,8.345672,9.174533],"rotation":{"angle":-45.0,"axis":"x","origin":[7.090128,7.084626,8.123662]},"faces":{"east":{"uv":[11.125,9.5,11.625,10.0],"rotation":0,"texture":"#0","tintindex":0},"south":{"uv":[11.75,10.375,12.25,10.875],"rotation":0,"texture":"#0","tintindex":0},"north":{"uv":[6.625,7.625,7.125,8.125],"rotation":0,"texture":"#0","tintindex":0},"west":{"uv":[13.0,10.375,13.5,10.875],"rotation":0,"texture":"#0","tintindex":0},"up":{"uv":[13.5,12.375,13.0,11.875],"rotation":0,"texture":"#0","tintindex":0},"down":{"uv":[13.625,4.875,13.125,5.375],"rotation":0,"texture":"#0","tintindex":0}}},{"from":[7.265273,6.2996182,7.5106535],"to":[8.140999,8.135497,8.386379],"rotation":{"angle":0.0,"axis":"y","origin":[8.403717,6.0337553,7.423081]},"faces":{"east":{"uv":[12.5,7.875,13.0,8.75],"rotation":0,"texture":"#0","tintindex":0},"south":{"uv":[8.0,12.5,8.5,13.375],"rotation":0,"texture":"#0","tintindex":0},"north":{"uv":[7.375,12.5,7.875,13.375],"rotation":0,"texture":"#0","tintindex":0},"west":{"uv":[12.5,8.875,13.0,9.75],"rotation":0,"texture":"#0","tintindex":0},"up":{"uv":[1.25,13.875,0.75,13.375],"rotation":0,"texture":"#0","tintindex":0},"down":{"uv":[13.875,2.0,13.375,2.5],"rotation":0,"texture":"#0","tintindex":0}}}],"display":{"head":{"translation":[0.0,-6.4,0.0],"scale":[4.0,4.0,4.0]}}}