{"textures":{"0":"modelengine:entity/boar_female"},"elements":[{"from":[6.9405575,8.947141,6.8596525],"to":[9.025296,9.487596,9.124823],"rotation":{"angle":-22.5,"axis":"x","origin":[7.2385597,7.2491384,8.862105]},"faces":{"east":{"uv":[12.375,11.375,13.5,11.75],"rotation":0,"texture":"#0","tintindex":0},"south":{"uv":[12.5,9.875,13.5,10.25],"rotation":0,"texture":"#0","tintindex":0},"north":{"uv":[7.375,3.25,8.375,3.625],"rotation":0,"texture":"#0","tintindex":0},"west":{"uv":[12.5,0.875,13.625,1.25],"rotation":0,"texture":"#0","tintindex":0},"up":{"uv":[7.25,3.625,6.25,2.5],"rotation":0,"texture":"#0","tintindex":0},"down":{"uv":[3.75,6.25,2.75,7.375],"rotation":0,"texture":"#0","tintindex":0}}},{"from":[6.9758425,7.4242835,7.285799],"to":[8.990011,9.550596,8.805394],"rotation":{"angle":-22.5,"axis":"x","origin":[7.2385597,7.2491384,8.862105]},"faces":{"east":{"uv":[9.5,2.875,10.25,4.0],"rotation":0,"texture":"#0","tintindex":0},"south":{"uv":[6.875,5.0,7.875,6.125],"rotation":0,"texture":"#0","tintindex":0},"north":{"uv":[6.5,1.125,7.5,2.25],"rotation":0,"texture":"#0","tintindex":0},"west":{"uv":[6.25,9.5,7.0,10.625],"rotation":0,"texture":"#0","tintindex":0},"up":{"uv":[3.0,11.125,2.0,10.375],"rotation":0,"texture":"#0","tintindex":0},"down":{"uv":[11.5,0.875,10.5,1.625],"rotation":0,"texture":"#0","tintindex":0}}},{"from":[5.224391,9.876315,7.0230813],"to":[6.187689,10.576897,7.285799],"rotation":{"angle":-45.0,"axis":"z","origin":[4.5238104,8.212437,8.862105]},"faces":{"east":{"uv":[13.375,14.125,13.5,14.5],"rotation":0,"texture":"#0","tintindex":0},"south":{"uv":[8.625,13.5,9.125,13.875],"rotation":0,"texture":"#0","tintindex":0},"north":{"uv":[8.0,13.5,8.5,13.875],"rotation":0,"texture":"#0","tintindex":0},"west":{"uv":[0.0,14.25,0.125,14.625],"rotation":0,"texture":"#0","tintindex":0},"up":{"uv":[14.625,4.5,14.125,4.375],"rotation":0,"texture":"#0","tintindex":0},"down":{"uv":[14.625,4.625,14.125,4.75],"rotation":0,"texture":"#0","tintindex":0}}},{"from":[9.690592,9.876315,7.0230813],"to":[10.653891,10.576897,7.285799],"rotation":{"angle":45.0,"axis":"z","origin":[11.354471,8.212437,8.862105]},"faces":{"east":{"uv":[14.25,0.0,14.375,0.375],"rotation":0,"texture":"#0","tintindex":0},"south":{"uv":[12.125,13.5,12.625,13.875],"rotation":0,"texture":"#0","tintindex":0},"north":{"uv":[11.5,13.5,12.0,13.875],"rotation":0,"texture":"#0","tintindex":0},"west":{"uv":[0.25,14.25,0.375,14.625],"rotation":0,"texture":"#0","tintindex":0},"up":{"uv":[14.625,7.5,14.125,7.375],"rotation":0,"texture":"#0","tintindex":0},"down":{"uv":[14.625,7.625,14.125,7.75],"rotation":0,"texture":"#0","tintindex":0}}},{"from":[6.8006973,6.5485578,6.234928],"to":[9.165156,7.687001,7.9863796],"rotation":{"angle":-22.5,"axis":"x","origin":[7.2385597,6.1982675,7.110654]},"faces":{"east":{"uv":[11.625,3.375,12.5,4.0],"rotation":0,"texture":"#0","tintindex":0},"south":{"uv":[10.0,5.375,11.25,6.0],"rotation":0,"texture":"#0","tintindex":0},"north":{"uv":[9.75,9.375,11.0,10.0],"rotation":0,"texture":"#0","tintindex":0},"west":{"uv":[4.75,11.75,5.625,12.375],"rotation":0,"texture":"#0","tintindex":0},"up":{"uv":[8.5,8.125,7.25,7.25],"rotation":0,"texture":"#0","tintindex":0},"down":{"uv":[2.375,7.375,1.125,8.25],"rotation":0,"texture":"#0","tintindex":0}}},{"from":[7.032985,7.4175997,6.3810005],"to":[7.326133,8.201033,7.186724],"rotation":{"angle":0.0,"axis":"y","origin":[7.982927,7.854459,6.8124337]},"faces":{"east":{"uv":[7.25,11.875,7.75,12.375],"rotation":0,"texture":"#0","tintindex":0},"south":{"uv":[7.25,11.875,7.75,12.375],"rotation":0,"texture":"#0","tintindex":0},"north":{"uv":[7.25,11.875,7.75,12.375],"rotation":0,"texture":"#0","tintindex":0},"west":{"uv":[7.75,11.875,7.25,12.375],"rotation":0,"texture":"#0","tintindex":0},"up":{"uv":[7.25,11.875,7.75,12.375],"rotation":0,"texture":"#0","tintindex":0},"down":{"uv":[7.25,11.875,7.75,12.375],"rotation":0,"texture":"#0","tintindex":0}}},{"from":[8.639721,7.4175997,6.3810005],"to":[8.932869,8.201033,7.186724],"rotation":{"angle":0.0,"axis":"y","origin":[7.982927,7.854459,6.8124337]},"faces":{"east":{"uv":[7.25,11.875,7.75,12.375],"rotation":0,"texture":"#0","tintindex":0},"south":{"uv":[7.25,11.875,7.75,12.375],"rotation":0,"texture":"#0","tintindex":0},"north":{"uv":[7.75,11.875,7.25,12.375],"rotation":0,"texture":"#0","tintindex":0},"west":{"uv":[7.25,11.875,7.75,12.375],"rotation":0,"texture":"#0","tintindex":0},"up":{"uv":[1.125,15.0,1.625,15.5],"rotation":0,"texture":"#0","tintindex":0},"down":{"uv":[7.25,11.875,7.75,12.375],"rotation":0,"texture":"#0","tintindex":0}}},{"from":[6.7131243,6.898848,6.059783],"to":[9.252729,7.4242835,7.110654],"rotation":{"angle":-22.5,"axis":"x","origin":[7.2385597,6.1982675,7.110654]},"faces":{"east":{"uv":[14.0,7.0,14.5,7.25],"rotation":0,"texture":"#0","tintindex":0},"south":{"uv":[12.75,7.5,14.0,7.75],"rotation":0,"texture":"#0","tintindex":0},"north":{"uv":[10.5,1.75,11.75,2.0],"rotation":0,"texture":"#0","tintindex":0},"west":{"uv":[7.375,14.0,7.875,14.25],"rotation":0,"texture":"#0","tintindex":0},"up":{"uv":[12.375,8.75,11.125,8.25],"rotation":0,"texture":"#0","tintindex":0},"down":{"uv":[12.375,8.875,11.125,9.375],"rotation":0,"texture":"#0","tintindex":0}}},{"from":[7.2385597,7.687001,6.3225007],"to":[8.727294,9.088162,8.073952],"rotation":{"angle":-45.0,"axis":"x","origin":[7.2385597,6.723703,7.8112345]},"faces":{"east":{"uv":[3.125,10.875,4.0,11.625],"rotation":0,"texture":"#0","tintindex":0},"south":{"uv":[11.625,0.875,12.375,1.625],"rotation":0,"texture":"#0","tintindex":0},"north":{"uv":[11.5,11.0,12.25,11.75],"rotation":0,"texture":"#0","tintindex":0},"west":{"uv":[7.75,10.875,8.625,11.625],"rotation":0,"texture":"#0","tintindex":0},"up":{"uv":[9.5,11.75,8.75,10.875],"rotation":0,"texture":"#0","tintindex":0},"down":{"uv":[11.75,6.125,11.0,7.0],"rotation":0,"texture":"#0","tintindex":0}}},{"from":[7.413705,6.8112755,5.2716293],"to":[8.552149,7.5994287,6.5852184],"rotation":{"angle":-45.0,"axis":"x","origin":[7.1509876,5.7604046,6.3225007]},"faces":{"east":{"uv":[2.375,11.25,3.0,11.625],"rotation":0,"texture":"#0","tintindex":0},"south":{"uv":[13.5,0.0,14.125,0.375],"rotation":0,"texture":"#0","tintindex":0},"north":{"uv":[10.0,8.125,10.625,8.5],"rotation":0,"texture":"#0","tintindex":0},"west":{"uv":[1.375,13.5,2.0,13.875],"rotation":0,"texture":"#0","tintindex":0},"up":{"uv":[1.375,13.25,0.75,12.625],"rotation":0,"texture":"#0","tintindex":0},"down":{"uv":[2.875,12.625,2.25,13.25],"rotation":0,"texture":"#0","tintindex":0}}},{"from":[7.2385597,6.5485578,5.797065],"to":[8.727294,6.9864206,6.9355087],"rotation":{"angle":-45.0,"axis":"x","origin":[7.2385597,5.4101143,6.6727905]},"faces":{"east":{"uv":[13.75,4.875,14.375,5.125],"rotation":0,"texture":"#0","tintindex":0},"south":{"uv":[13.5,0.5,14.25,0.75],"rotation":0,"texture":"#0","tintindex":0},"north":{"uv":[13.0,11.0,13.75,11.25],"rotation":0,"texture":"#0","tintindex":0},"west":{"uv":[13.75,5.25,14.375,5.5],"rotation":0,"texture":"#0","tintindex":0},"up":{"uv":[12.75,3.25,12.0,2.625],"rotation":0,"texture":"#0","tintindex":0},"down":{"uv":[13.0,5.0,12.25,5.625],"rotation":0,"texture":"#0","tintindex":0}}}],"display":{"head":{"translation":[0.0,-6.4,0.0],"scale":[4.0,4.0,4.0]}}}