{"textures":{"0":"modelengine:entity/boar"},"elements":[{"from":[6.895314,6.207177,8.460342],"to":[9.3392,8.651063,10.904228],"rotation":{"angle":-45.0,"axis":"x","origin":[6.495314,5.7184,8.460342]},"faces":{"east":{"uv":[11.125,9.5,11.625,10.0],"rotation":0,"texture":"#0","tintindex":0},"south":{"uv":[11.75,10.375,12.25,10.875],"rotation":0,"texture":"#0","tintindex":0},"north":{"uv":[6.625,7.625,7.125,8.125],"rotation":0,"texture":"#0","tintindex":0},"west":{"uv":[13.0,10.375,13.5,10.875],"rotation":0,"texture":"#0","tintindex":0},"up":{"uv":[13.5,12.375,13.0,11.875],"rotation":0,"texture":"#0","tintindex":0},"down":{"uv":[13.625,4.875,13.125,5.375],"rotation":0,"texture":"#0","tintindex":0}}},{"from":[6.9026284,3.8927999,7.034743],"to":[8.9392,8.162286,9.071314],"rotation":{"angle":0.0,"axis":"y","origin":[9.550172,3.2745142,6.8310857]},"faces":{"east":{"uv":[12.5,7.875,13.0,8.75],"rotation":0,"texture":"#0","tintindex":0},"south":{"uv":[8.0,12.5,8.5,13.375],"rotation":0,"texture":"#0","tintindex":0},"north":{"uv":[7.375,12.5,7.875,13.375],"rotation":0,"texture":"#0","tintindex":0},"west":{"uv":[12.5,8.875,13.0,9.75],"rotation":0,"texture":"#0","tintindex":0},"up":{"uv":[1.25,13.875,0.75,13.375],"rotation":0,"texture":"#0","tintindex":0},"down":{"uv":[13.875,2.0,13.375,2.5],"rotation":0,"texture":"#0","tintindex":0}}}],"display":{"head":{"translation":[0.0,-6.4,0.0],"scale":[4.0,4.0,4.0]}}}