{"textures":{"0":"modelengine:entity/boar"},"elements":[{"from":[6.413257,10.049829,6.7167997],"to":[11.261486,11.705372,11.718857],"rotation":{"angle":-22.5,"axis":"x","origin":[7.1062856,6.499657,11.107885]},"faces":{"east":{"uv":[12.375,11.375,13.5,11.75],"rotation":0,"texture":"#0","tintindex":0},"south":{"uv":[12.5,9.875,13.5,10.25],"rotation":0,"texture":"#0","tintindex":0},"north":{"uv":[7.375,3.25,8.375,3.625],"rotation":0,"texture":"#0","tintindex":0},"west":{"uv":[12.5,0.875,13.625,1.25],"rotation":0,"texture":"#0","tintindex":0},"up":{"uv":[7.25,3.625,6.25,2.5],"rotation":0,"texture":"#0","tintindex":0},"down":{"uv":[3.75,6.25,2.75,7.375],"rotation":0,"texture":"#0","tintindex":0}}},{"from":[6.495314,6.9069715,7.442057],"to":[11.179429,11.851886,10.976],"rotation":{"angle":-22.5,"axis":"x","origin":[7.1062856,6.499657,11.107885]},"faces":{"east":{"uv":[9.5,2.875,10.25,4.0],"rotation":0,"texture":"#0","tintindex":0},"south":{"uv":[6.875,5.0,7.875,6.125],"rotation":0,"texture":"#0","tintindex":0},"north":{"uv":[6.5,1.125,7.5,2.25],"rotation":0,"texture":"#0","tintindex":0},"west":{"uv":[6.25,9.5,7.0,10.625],"rotation":0,"texture":"#0","tintindex":0},"up":{"uv":[3.0,11.125,2.0,10.375],"rotation":0,"texture":"#0","tintindex":0},"down":{"uv":[11.5,0.875,10.5,1.625],"rotation":0,"texture":"#0","tintindex":0}}},{"from":[2.422171,12.609371,6.8310857],"to":[4.6624002,14.238628,7.442057],"rotation":{"angle":-45.0,"axis":"z","origin":[0.7929139,8.739885,11.107885]},"faces":{"east":{"uv":[13.375,14.125,13.5,14.5],"rotation":0,"texture":"#0","tintindex":0},"south":{"uv":[8.625,13.5,9.125,13.875],"rotation":0,"texture":"#0","tintindex":0},"north":{"uv":[8.0,13.5,8.5,13.875],"rotation":0,"texture":"#0","tintindex":0},"west":{"uv":[0.0,14.25,0.125,14.625],"rotation":0,"texture":"#0","tintindex":0},"up":{"uv":[14.625,4.5,14.125,4.375],"rotation":0,"texture":"#0","tintindex":0},"down":{"uv":[14.625,4.625,14.125,4.75],"rotation":0,"texture":"#0","tintindex":0}}},{"from":[12.808686,12.609371,6.8310857],"to":[15.048914,14.238628,7.442057],"rotation":{"angle":45.0,"axis":"z","origin":[16.678173,8.739885,11.107885]},"faces":{"east":{"uv":[14.25,0.0,14.375,0.375],"rotation":0,"texture":"#0","tintindex":0},"south":{"uv":[12.125,13.5,12.625,13.875],"rotation":0,"texture":"#0","tintindex":0},"north":{"uv":[11.5,13.5,12.0,13.875],"rotation":0,"texture":"#0","tintindex":0},"west":{"uv":[0.25,14.25,0.375,14.625],"rotation":0,"texture":"#0","tintindex":0},"up":{"uv":[14.625,7.5,14.125,7.375],"rotation":0,"texture":"#0","tintindex":0},"down":{"uv":[14.625,7.625,14.125,7.75],"rotation":0,"texture":"#0","tintindex":0}}},{"from":[6.088,4.8704,4.9981713],"to":[11.586743,7.517943,9.071314],"rotation":{"angle":-22.5,"axis":"x","origin":[7.1062856,4.0557714,7.034743]},"faces":{"east":{"uv":[11.625,3.375,12.5,4.0],"rotation":0,"texture":"#0","tintindex":0},"south":{"uv":[10.0,5.375,11.25,6.0],"rotation":0,"texture":"#0","tintindex":0},"north":{"uv":[9.75,9.375,11.0,10.0],"rotation":0,"texture":"#0","tintindex":0},"west":{"uv":[4.75,11.75,5.625,12.375],"rotation":0,"texture":"#0","tintindex":0},"up":{"uv":[8.5,8.125,7.25,7.25],"rotation":0,"texture":"#0","tintindex":0},"down":{"uv":[2.375,7.375,1.125,8.25],"rotation":0,"texture":"#0","tintindex":0}}},{"from":[6.495314,7.1572056,5.8694344],"to":[7.3099427,8.314692,6.812977],"rotation":{"angle":0.0,"axis":"y","origin":[8.837372,7.9073772,6.3412056]},"faces":{"east":{"uv":[7.25,11.875,7.75,12.375],"rotation":0,"texture":"#0","tintindex":0},"south":{"uv":[7.25,11.875,7.75,12.375],"rotation":0,"texture":"#0","tintindex":0},"north":{"uv":[7.25,11.875,7.75,12.375],"rotation":0,"texture":"#0","tintindex":0},"west":{"uv":[7.75,11.875,7.25,12.375],"rotation":0,"texture":"#0","tintindex":0},"up":{"uv":[7.25,11.875,7.75,12.375],"rotation":0,"texture":"#0","tintindex":0},"down":{"uv":[7.25,11.875,7.75,12.375],"rotation":0,"texture":"#0","tintindex":0}}},{"from":[6.3810287,6.928634,5.812291],"to":[7.1956573,8.08612,6.755834],"rotation":{"angle":0.0,"axis":"y","origin":[8.837372,7.9073772,6.3412056]},"faces":{"east":{"uv":[1.125,15.0,1.625,15.5],"rotation":0,"texture":"#0","tintindex":0},"south":{"uv":[1.125,15.0,1.625,15.5],"rotation":0,"texture":"#0","tintindex":0},"north":{"uv":[0.0,14.75,0.5,15.25],"rotation":0,"texture":"#0","tintindex":0},"west":{"uv":[1.125,15.0,1.625,15.5],"rotation":0,"texture":"#0","tintindex":0},"up":{"uv":[1.125,15.0,1.625,15.5],"rotation":0,"texture":"#0","tintindex":0},"down":{"uv":[1.125,15.0,1.625,15.5],"rotation":0,"texture":"#0","tintindex":0}}},{"from":[10.666743,6.928634,5.812291],"to":[11.481372,8.08612,6.755834],"rotation":{"angle":0.0,"axis":"y","origin":[8.837372,7.9073772,6.3412056]},"faces":{"east":{"uv":[1.5,15.0,1.0,15.5],"rotation":0,"texture":"#0","tintindex":0},"south":{"uv":[7.25,11.875,7.75,12.375],"rotation":0,"texture":"#0","tintindex":0},"north":{"uv":[0.0,14.75,0.5,15.25],"rotation":0,"texture":"#0","tintindex":0},"west":{"uv":[1.5,15.0,1.0,15.5],"rotation":0,"texture":"#0","tintindex":0},"up":{"uv":[1.125,15.0,1.625,15.5],"rotation":0,"texture":"#0","tintindex":0},"down":{"uv":[7.25,11.875,7.75,12.375],"rotation":0,"texture":"#0","tintindex":0}}},{"from":[10.3648,7.1572056,5.8694344],"to":[11.179429,8.314692,6.812977],"rotation":{"angle":0.0,"axis":"y","origin":[8.837372,7.9073772,6.3412056]},"faces":{"east":{"uv":[7.25,11.875,7.75,12.375],"rotation":0,"texture":"#0","tintindex":0},"south":{"uv":[7.25,11.875,7.75,12.375],"rotation":0,"texture":"#0","tintindex":0},"north":{"uv":[7.75,11.875,7.25,12.375],"rotation":0,"texture":"#0","tintindex":0},"west":{"uv":[7.25,11.875,7.75,12.375],"rotation":0,"texture":"#0","tintindex":0},"up":{"uv":[1.125,15.0,1.625,15.5],"rotation":0,"texture":"#0","tintindex":0},"down":{"uv":[7.25,11.875,7.75,12.375],"rotation":0,"texture":"#0","tintindex":0}}},{"from":[5.8843427,5.6850286,4.590857],"to":[11.7904005,6.9069715,7.034743],"rotation":{"angle":-22.5,"axis":"x","origin":[7.1062856,4.0557714,7.034743]},"faces":{"east":{"uv":[14.0,7.0,14.5,7.25],"rotation":0,"texture":"#0","tintindex":0},"south":{"uv":[12.75,7.5,14.0,7.75],"rotation":0,"texture":"#0","tintindex":0},"north":{"uv":[10.5,1.75,11.75,2.0],"rotation":0,"texture":"#0","tintindex":0},"west":{"uv":[7.375,14.0,7.875,14.25],"rotation":0,"texture":"#0","tintindex":0},"up":{"uv":[12.375,8.75,11.125,8.25],"rotation":0,"texture":"#0","tintindex":0},"down":{"uv":[12.375,8.875,11.125,9.375],"rotation":0,"texture":"#0","tintindex":0}}},{"from":[10.772115,4.8704,3.165257],"to":[11.586743,5.6850286,5.2018285],"rotation":{"angle":-22.5,"axis":"x","origin":[11.383086,3.648457,4.590857]},"faces":{"east":{"uv":[7.125,4.75,7.625,4.875],"rotation":0,"texture":"#0","tintindex":0},"south":{"uv":[7.75,4.75,7.875,4.875],"rotation":0,"texture":"#0","tintindex":0},"north":{"uv":[6.25,1.125,6.375,1.25],"rotation":0,"texture":"#0","tintindex":0},"west":{"uv":[7.625,2.125,8.125,2.25],"rotation":0,"texture":"#0","tintindex":0},"up":{"uv":[9.875,5.875,9.75,5.375],"rotation":0,"texture":"#0","tintindex":0},"down":{"uv":[4.625,12.75,4.5,13.25],"rotation":0,"texture":"#0","tintindex":0}}},{"from":[6.088,4.8704,3.165257],"to":[6.9026284,5.6850286,5.2018285],"rotation":{"angle":-22.5,"axis":"x","origin":[6.291657,3.648457,4.590857]},"faces":{"east":{"uv":[14.125,3.875,14.625,4.0],"rotation":0,"texture":"#0","tintindex":0},"south":{"uv":[13.25,12.5,13.375,12.625],"rotation":0,"texture":"#0","tintindex":0},"north":{"uv":[13.0,12.5,13.125,12.625],"rotation":0,"texture":"#0","tintindex":0},"west":{"uv":[14.125,4.125,14.625,4.25],"rotation":0,"texture":"#0","tintindex":0},"up":{"uv":[4.0,14.625,3.875,14.125],"rotation":0,"texture":"#0","tintindex":0},"down":{"uv":[4.25,14.125,4.125,14.625],"rotation":0,"texture":"#0","tintindex":0}}},{"from":[7.1062856,4.666743,2.7579427],"to":[7.5136,6.092343,3.3689141],"rotation":{"angle":-45.0,"axis":"x","origin":[6.6989713,3.4448,4.1835427]},"faces":{"east":{"uv":[11.125,5.0,11.25,5.25],