{"textures":{"0":"modelengine:entity/boar"},"elements":[{"from":[8.0,3.6361141,6.7323427],"to":[9.4256,8.523886,9.583543],"rotation":{"angle":0.0,"axis":"y","origin":[7.1853714,3.6361141,6.5286856]},"faces":{"east":{"uv":[4.25,10.5,4.875,11.625],"rotation":0,"texture":"#0","tintindex":0},"south":{"uv":[7.0,12.875,7.25,14.0],"rotation":0,"texture":"#0","tintindex":0},"north":{"uv":[5.375,12.5,5.625,13.625],"rotation":0,"texture":"#0","tintindex":0},"west":{"uv":[5.0,10.5,5.625,11.625],"rotation":0,"texture":"#0","tintindex":0},"up":{"uv":[3.125,14.375,2.875,13.75],"rotation":0,"texture":"#0","tintindex":0},"down":{"uv":[3.5,13.75,3.25,14.375],"rotation":0,"texture":"#0","tintindex":0}}},{"from":[6.7926855,6.08,7.343314],"to":[9.440228,9.338514,10.601829],"rotation":{"angle":-45.0,"axis":"x","origin":[7.796343,6.8946285,8.157943]},"faces":{"east":{"uv":[11.375,5.0,12.125,5.75],"rotation":0,"texture":"#0","tintindex":0},"south":{"uv":[12.0,1.75,12.625,2.5],"rotation":0,"texture":"#0","tintindex":0},"north":{"uv":[0.0,12.0,0.625,12.75],"rotation":0,"texture":"#0","tintindex":0},"west":{"uv":[5.75,11.5,6.5,12.25],"rotation":0,"texture":"#0","tintindex":0},"up":{"uv":[7.25,12.75,6.625,12.0],"rotation":0,"texture":"#0","tintindex":0},"down":{"uv":[10.875,12.125,10.25,12.875],"rotation":0,"texture":"#0","tintindex":0}}}],"display":{"head":{"translation":[0.0,-6.4,0.0],"scale":[4.0,4.0,4.0]}}}