{"textures":{"0":"modelengine:entity/boar"},"elements":[{"from":[7.5074286,5.309354,6.0659885],"to":[9.544,6.7349544,7.898903],"rotation":{"angle":22.5,"axis":"x","origin":[1.6013708,1.8064513,4.3165026]},"faces":{"east":{"uv":[8.5,14.0,8.875,14.25],"rotation":0,"texture":"#0","tintindex":0},"south":{"uv":[13.875,12.875,14.375,13.125],"rotation":0,"texture":"#0","tintindex":0},"north":{"uv":[13.875,12.5,14.375,12.75],"rotation":0,"texture":"#0","tintindex":0},"west":{"uv":[14.0,9.75,14.375,10.0],"rotation":0,"texture":"#0","tintindex":0},"up":{"uv":[5.0,13.875,4.5,13.5],"rotation":0,"texture":"#0","tintindex":0},"down":{"uv":[7.875,13.5,7.375,13.875],"rotation":0,"texture":"#0","tintindex":0}}},{"from":[7.711086,6.225251,5.323126],"to":[9.3403425,9.280108,6.952383],"rotation":{"angle":45.0,"axis":"x","origin":[9.3403425,2.5586452,5.037691]},"faces":{"east":{"uv":[12.75,13.375,13.125,14.0],"rotation":0,"texture":"#0","tintindex":0},"south":{"uv":[13.25,13.375,13.625,14.0],"rotation":0,"texture":"#0","tintindex":0},"north":{"uv":[9.25,13.375,9.625,14.0],"rotation":0,"texture":"#0","tintindex":0},"west":{"uv":[0.0,13.5,0.375,14.125],"rotation":0,"texture":"#0","tintindex":0},"up":{"uv":[14.125,9.25,13.75,8.875],"rotation":0,"texture":"#0","tintindex":0},"down":{"uv":[11.25,13.75,10.875,14.125],"rotation":0,"texture":"#0","tintindex":0}}},{"from":[7.3037715,8.08576,8.250714],"to":[9.747657,9.51136,11.305572],"rotation":{"angle":45.0,"axis":"x","origin":[2.008685,8.921497,7.4420514]},"faces":{"east":{"uv":[13.625,11.75,14.25,12.0],"rotation":0,"texture":"#0","tintindex":0},"south":{"uv":[13.875,10.875,14.375,11.125],"rotation":0,"texture":"#0","tintindex":0},"north":{"uv":[5.625,13.875,6.125,14.125],"rotation":0,"texture":"#0","tintindex":0},"west":{"uv":[13.625,12.125,14.25,12.375],"rotation":0,"texture":"#0","tintindex":0},"up":{"uv":[12.0,13.375,11.5,12.75],"rotation":0,"texture":"#0","tintindex":0},"down":{"uv":[12.625,12.75,12.125,13.375],"rotation":0,"texture":"#0","tintindex":0}}}],"display":{"head":{"translation":[0.0,-6.4,0.0],"scale":[4.0,4.0,4.0]}}}