{"textures":{"0":"modelengine:entity/boar"},"elements":[{"from":[5.1312,4.7414856,5.556114],"to":[10.054172,8.407314,11.258514],"rotation":{"angle":0.0,"axis":"y","origin":[5.9634285,4.5378284,10.443886]},"faces":{"east":{"uv":[2.125,8.625,3.375,9.375],"rotation":0,"texture":"#0","tintindex":0},"south":{"uv":[9.0,0.0,10.125,0.75],"rotation":0,"texture":"#0","tintindex":0},"north":{"uv":[5.0,8.875,6.125,9.625],"rotation":0,"texture":"#0","tintindex":0},"west":{"uv":[8.625,6.0,9.875,6.75],"rotation":0,"texture":"#0","tintindex":0},"up":{"uv":[5.75,5.0,4.625,3.75],"rotation":0,"texture":"#0","tintindex":0},"down":{"uv":[6.125,0.0,5.0,1.25],"rotation":0,"texture":"#0","tintindex":0}}},{"from":[4.7414856,6.5744,-0.9609146],"to":[10.647543,10.647543,1.890285],"rotation":{"angle":45.0,"axis":"x","origin":[5.9634285,6.370743,2.2975993]},"faces":{"east":{"uv":[3.25,11.75,3.875,12.625],"rotation":0,"texture":"#0","tintindex":0},"south":{"uv":[7.25,6.25,8.5,7.125],"rotation":0,"texture":"#0","tintindex":0},"north":{"uv":[7.125,3.75,8.375,4.625],"rotation":0,"texture":"#0","tintindex":0},"west":{"uv":[4.0,11.75,4.625,12.625],"rotation":0,"texture":"#0","tintindex":0},"up":{"uv":[5.5,10.375,4.25,9.75],"rotation":0,"texture":"#0","tintindex":0},"down":{"uv":[11.0,8.625,9.75,9.25],"rotation":0,"texture":"#0","tintindex":0}}},{"from":[4.5378284,7.5926857,-1.1645718],"to":[10.8512,10.8512,1.890285],"rotation":{"angle":45.0,"axis":"x","origin":[5.9634285,6.370743,2.2975993]},"faces":{"east":{"uv":[12.25,11.875,12.875,12.625],"rotation":0,"texture":"#0","tintindex":0},"south":{"uv":[7.5,0.0,8.875,0.75],"rotation":0,"texture":"#0","tintindex":0},"north":{"uv":[7.375,2.375,8.75,3.125],"rotation":0,"texture":"#0","tintindex":0},"west":{"uv":[5.75,12.375,6.375,13.125],"rotation":0,"texture":"#0","tintindex":0},"up":{"uv":[10.25,2.75,8.875,2.125],"rotation":0,"texture":"#0","tintindex":0},"down":{"uv":[4.875,8.875,3.5,9.5],"rotation":0,"texture":"#0","tintindex":0}}},{"from":[4.130514,5.9634285,2.9085712],"to":[11.054857,10.687086,5.1488],"rotation":{"angle":22.5,"axis":"x","origin":[5.9634285,6.370743,2.2975993]},"faces":{"east":{"uv":[9.625,11.125,10.125,12.25],"rotation":0,"texture":"#0","tintindex":0},"south":{"uv":[0.0,2.75,1.5,3.875],"rotation":0,"texture":"#0","tintindex":0},"north":{"uv":[1.75,2.5,3.25,3.625],"rotation":0,"texture":"#0","tintindex":0},"west":{"uv":[1.75,11.25,2.25,12.375],"rotation":0,"texture":"#0","tintindex":0},"up":{"uv":[11.875,2.625,10.375,2.125],"rotation":0,"texture":"#0","tintindex":0},"down":{"uv":[11.875,2.75,10.375,3.25],"rotation":0,"texture":"#0","tintindex":0}}},{"from":[4.3341713,3.926857,1.4829707],"to":[10.8512,8.814629,6.778057],"rotation":{"angle":22.5,"axis":"x","origin":[5.9634285,4.3341713,7.5926857]},"faces":{"east":{"uv":[5.625,5.125,6.75,6.25],"rotation":0,"texture":"#0","tintindex":0},"south":{"uv":[3.5,0.0,4.875,1.125],"rotation":0,"texture":"#0","tintindex":0},"north":{"uv":[3.375,2.5,4.75,3.625],"rotation":0,"texture":"#0","tintindex":0},"west":{"uv":[5.875,3.75,7.0,4.875],"rotation":0,"texture":"#0","tintindex":0},"up":{"uv":[4.875,2.375,3.5,1.25],"rotation":0,"texture":"#0","tintindex":0},"down":{"uv":[3.0,3.75,1.625,4.875],"rotation":0,"texture":"#0","tintindex":0}}},{"from":[3.926857,3.7231998,1.279314],"to":[11.258514,9.018286,6.9817142],"rotation":{"angle":22.5,"axis":"x","origin":[5.9634285,4.3341713,7.5926857]},"faces":{"east":{"uv":[4.875,2.5,6.125,3.625],"rotation":0,"texture":"#0","tintindex":0},"south":{"uv":[1.75,1.25,3.375,2.375],"rotation":0,"texture":"#0","tintindex":0},"north":{"uv":[1.75,0.0,3.375,1.125],"rotation":0,"texture":"#0","tintindex":0},"west":{"uv":[1.5,5.0,2.75,6.125],"rotation":0,"texture":"#0","tintindex":0},"up":{"uv":[1.625,1.25,0.0,0.0],"rotation":0,"texture":"#0","tintindex":0},"down":{"uv":[1.625,1.375,0.0,2.625],"rotation":0,"texture":"#0","tintindex":0}}},{"from":[4.5378284,4.130514,1.6866283],"to":[10.647543,8.610971,6.5744],"rotation":{"angle":22.5,"axis":"x","origin":[5.9634285,4.3341713,7.5926857]},"faces":{"east":{"uv":[6.25,0.0,7.375,1.0],"rotation":0,"texture":"#0","tintindex":0},"south":{"uv":[0.0,5.25,1.375,6.25],"rotation":0,"texture":"#0","tintindex":0},"north":{"uv":[5.0,1.375,6.375,2.375],"rotation":0,"texture":"#0","tintindex":0},"west":{"uv":[1.5,6.25,2.625,7.25],"rotation":0,"texture":"#0","tintindex":0},"up":{"uv":[4.5,4.875,3.125,3.75],"rotation":0,"texture":"#0","tintindex":0},"down":{"uv":[1.375,4.0,0.0,5.125],"rotation":0,"texture":"#0","tintindex":0}}},{"from":[5.352457,5.7597713,8.203657],"to":[9.832914,10.250515,12.2768],"rotation":{"angle":22.5,"axis":"x","origin":[5.9634285,4.7414856,10.647543]},"faces":{"east":{"uv":[10.75,10.125,11.625,10.875],"rotation":0,"texture":"#0","tintindex":0},"south":{"uv":[10.25,4.125,11.25,4.875],"rotation":0,"texture":"#0","tintindex":0},"north":{"uv":[10.25,0.0,11.25,0.75],"rotation":0,"texture":"#0","tintindex":0},"west":{"uv":[0.75,10.875,1.625,11.625],"rotation":0,"texture":"#0","tintindex":0},"up":{"uv":[9.625,9.5,8.625,8.625],"rotation":0,"texture":"#0","tintindex":0},"down":{"uv":[1.0,8.75,0.0,9.625],"rotation":0,"texture":"#0","tintindex":0}}},{"from":[5.1488,6.1670856,8.0],"to":[10.0365715,9.832914,11.054857],"rotation":{"angle":22.5,"axis":"x","origin":[5.9634285,5.1488,10.443886]},"faces":{"east":{"uv":[12.25,0.0,12.875,0.75],"rotation":0,"texture":"#0","tintindex":0},"south":{"uv":[2.125,9.5,3.25,10.25],"rotation":0,"texture":"#0","tintindex":0},"north":{"uv":[9.0,4.5,10.125,5.25],"rotation":0,"texture":"#0","tintindex":0},"west":{"uv":[12.25,4.125,12.875,4.875],"rotation":0,"texture":"#0","tintindex":0},"up":{"uv":[11.5,4.0,10.375,3.375],"rotation":0,"texture":"#0","tintindex":0},"down":{"uv":[6.875,10.75,5.75,11.375],"rotation":0,"texture":"#0","tintindex":0}}},{"from":[5.556114,6.370743,5.352457],"to":[9.629257,11.462172,8.203657],"rotation":{"angle":22.5,"axis":"x","origin":[5.9634285,6.370743,7.796343]},"faces":{"east":{"uv":[0.0,10.75,0.625,11.875],"rotation":0,"texture":"#0","tintindex":0},"south":{"uv":[3.625,7.625,4.5,8.75],"rotation":0,"texture":"#0","tintindex":0},"north":{"uv":[7.625,0.875,8.5,2.0],"rotation":0,"texture":"#0","tintindex":0},"west":{"uv":[7.0,10.75,7.625,11.875],"rotation":0,"texture":"#0","tintindex":0},"up":{"uv":[12.625,7.75,11.75,7.125],"rotation":0,"texture":"#0","tintindex":0},"down":{"uv":[8.625,11.75,7.75,12.375],"rotation":0,"texture":"#0","tintindex":0}}},{"from":[5.556114,6.9817142,3.7231998],"to":[9.629257,11.869486,7.5926857],"rotation":{"angle":0.0,"axis":"y","origin":[5.9634285,6.9817142,6.5744]},"faces":{"east":{"uv":[5.625,7.625,6.5,8.75],"rotation":0,"texture":"#0","tintindex":0},"south":{"uv":[8.0,4.75,8.875,5.875],"rotation":0,"texture":"#0","tintindex":0},"north":{"uv":[4.625,7.625,5.5,8.75],"rotation":0,"texture":"#0","tintindex":0},"west":{"uv":[6.625,8.25,7.5,9.375],"rotation":0,"texture":"#0","tintindex":0},"up":{"uv":[0.875,10.625,0.0,9.75],"rotation":0,"texture":"#0","tintindex":0},"down":{"uv":[10.875,6.125,10.0,7.0],"rotation":0,"texture":"#0","tintindex":0}}},{"from":[5.556114,6.9817142,3.7231998],"to":[9.629257,11.869486,7.5926857],"rotation":{"angle":0.0,"axis":"y","origin":[5.9634285,6.9817142,6.5744]},"faces":{"east":{"uv":[1.125,8.375,2.0,9.5],"rotation":0,"texture":"#0","tintindex":0},"south":{"uv":[8.5,3.25,9.375,4.375],"rotation":0,"texture":"#0","tintindex":0},"north":{"uv":[7.625,8.25,8.5,9.375],"rotation":0,"texture":"#0","tintindex":0},"west":{"uv":[8.625,0.875,9.5,2.0],"rotation":0,"texture":"#0","tintindex":0},"up":{"uv":[10.875,8.0,10.0,7.125],"rotation":0,"texture":"#0","tintindex":0},"down":{"uv":[10.625,10.125,9.75,11.0],"rotation":0,"texture":"#0","tintindex":0}}},{"from":[5.352457,6.9817142,3.0374856],"to":[9.832914,13.387429,7.4784],"rotation":{"angle":0.0,"axis":"y","origin":[5.9634285,6.9817142,6.5744]},"faces":{"east":{"uv":[3.875,6.375,4.875,7.5],"rotation":0,"texture":"#0","tintindex":0},"south":{"uv":[5.0,6.375,6.0,7.5],