{"file_name":"right_arm","texture_size":[64,64],"textures":{"5c054fe1-525f-75f7-f394-bab04b43a637":"modelengine:entity/shinobi"},"elements":[{"name":"right_arm","from":[6.8,5.6,6.8],"to":[9.2,9.2,9.2],"rotation":{"angle":0.0,"axis":"x","origin":[4.3999996,-5.200001,8.0]},"faces":{"down":{"uv":[11.0,4.0,10.0,5.0],"rotation":0,"texture":"#5c054fe1-525f-75f7-f394-bab04b43a637","tintindex":0},"east":{"uv":[8.0,5.0,9.0,6.5],"rotation":0,"texture":"#5c054fe1-525f-75f7-f394-bab04b43a637","tintindex":0},"north":{"uv":[9.0,5.0,10.0,6.5],"rotation":0,"texture":"#5c054fe1-525f-75f7-f394-bab04b43a637","tintindex":0},"south":{"uv":[11.0,5.0,12.0,6.5],"rotation":0,"texture":"#5c054fe1-525f-75f7-f394-bab04b43a637","tintindex":0},"up":{"uv":[9.0,4.0,10.0,5.0],"rotation":0,"texture":"#5c054fe1-525f-75f7-f394-bab04b43a637","tintindex":0},"west":{"uv":[10.0,5.0,11.0,6.5],"rotation":0,"texture":"#5c054fe1-525f-75f7-f394-bab04b43a637","tintindex":0}}},{"name":"right_arm","from":[6.8,5.6,6.8],"to":[9.2,9.2,9.2],"rotation":{"angle":0.0,"axis":"x","origin":[4.3999996,-5.200001,8.0]},"faces":{"down":{"uv":[9.75,0.0,9.25,0.5],"rotation":0,"texture":"#5c054fe1-525f-75f7-f394-bab04b43a637","tintindex":0},"east":{"uv":[9.25,0.0,9.75,0.5],"rotation":0,"texture":"#5c054fe1-525f-75f7-f394-bab04b43a637","tintindex":0},"north":{"uv":[9.25,0.0,9.75,0.5],"rotation":0,"texture":"#5c054fe1-525f-75f7-f394-bab04b43a637","tintindex":0},"south":{"uv":[9.25,0.0,9.75,0.5],"rotation":0,"texture":"#5c054fe1-525f-75f7-f394-bab04b43a637","tintindex":0},"up":{"uv":[9.25,0.0,9.75,0.5],"rotation":0,"texture":"#5c054fe1-525f-75f7-f394-bab04b43a637","tintindex":0},"west":{"uv":[9.25,0.0,9.75,0.5],"rotation":0,"texture":"#5c054fe1-525f-75f7-f394-bab04b43a637","tintindex":0}}}],"display":{"head":{"translation":[0.0,-6.4,0.0],"rotation":[0.0,0.0,0.0],"scale":[3.8095,3.8095,3.8095]},"gui":{"translation":[0.0,0.0,0.0],"rotation":[35.0,225.0,0.0],"scale":[0.625,0.625,0.625]}}}