{"file_name":"chest","texture_size":[64,64],"textures":{"5c054fe1-525f-75f7-f394-bab04b43a637":"modelengine:entity/shinobi"},"elements":[{"name":"chest","from":[7.985,8.0,6.6949997],"to":[8.014999,15.2,6.725],"rotation":{"angle":0.0,"axis":"x","origin":[8.0,0.7999997,8.0]},"faces":{"down":{"uv":[9.75,0.75,9.25,1.25],"rotation":0,"texture":"#5c054fe1-525f-75f7-f394-bab04b43a637","tintindex":0},"east":{"uv":[9.25,0.75,9.75,1.25],"rotation":0,"texture":"#5c054fe1-525f-75f7-f394-bab04b43a637","tintindex":0},"north":{"uv":[9.25,0.75,9.75,1.25],"rotation":0,"texture":"#5c054fe1-525f-75f7-f394-bab04b43a637","tintindex":0},"south":{"uv":[9.25,0.75,9.75,1.25],"rotation":0,"texture":"#5c054fe1-525f-75f7-f394-bab04b43a637","tintindex":0},"up":{"uv":[9.25,0.75,9.75,1.25],"rotation":0,"texture":"#5c054fe1-525f-75f7-f394-bab04b43a637","tintindex":0},"west":{"uv":[9.25,0.75,9.75,1.25],"rotation":0,"texture":"#5c054fe1-525f-75f7-f394-bab04b43a637","tintindex":0}}},{"name":"chest","from":[5.6,8.0,6.8],"to":[10.4,15.2,9.2],"rotation":{"angle":0.0,"axis":"x","origin":[8.0,0.7999997,8.0]},"faces":{"down":{"uv":[5.0,4.0,3.0,5.0],"rotation":0,"texture":"#5c054fe1-525f-75f7-f394-bab04b43a637","tintindex":0},"east":{"uv":[0.0,5.0,1.0,8.0],"rotation":0,"texture":"#5c054fe1-525f-75f7-f394-bab04b43a637","tintindex":0},"north":{"uv":[1.0,5.0,3.0,8.0],"rotation":0,"texture":"#5c054fe1-525f-75f7-f394-bab04b43a637","tintindex":0},"south":{"uv":[4.0,5.0,6.0,8.0],"rotation":0,"texture":"#5c054fe1-525f-75f7-f394-bab04b43a637","tintindex":0},"up":{"uv":[1.0,4.0,3.0,5.0],"rotation":0,"texture":"#5c054fe1-525f-75f7-f394-bab04b43a637","tintindex":0},"west":{"uv":[3.0,5.0,4.0,8.0],"rotation":0,"texture":"#5c054fe1-525f-75f7-f394-bab04b43a637","tintindex":0}}},{"name":"chest","from":[5.5099998,8.0,6.725],"to":[10.49,15.2,9.275],"rotation":{"angle":0.0,"axis":"x","origin":[8.0,0.7999997,8.0]},"faces":{"down":{"uv":[9.75,0.0,9.25,0.5],"rotation":0,"texture":"#5c054fe1-525f-75f7-f394-bab04b43a637","tintindex":0},"east":{"uv":[9.25,0.0,9.75,0.5],"rotation":0,"texture":"#5c054fe1-525f-75f7-f394-bab04b43a637","tintindex":0},"north":{"uv":[9.25,0.0,9.75,0.5],"rotation":0,"texture":"#5c054fe1-525f-75f7-f394-bab04b43a637","tintindex":0},"south":{"uv":[9.25,0.0,9.75,0.5],"rotation":0,"texture":"#5c054fe1-525f-75f7-f394-bab04b43a637","tintindex":0},"up":{"uv":[9.25,0.0,9.75,0.5],"rotation":0,"texture":"#5c054fe1-525f-75f7-f394-bab04b43a637","tintindex":0},"west":{"uv":[9.25,0.0,9.75,0.5],"rotation":0,"texture":"#5c054fe1-525f-75f7-f394-bab04b43a637","tintindex":0}}}],"display":{"head":{"translation":[0.0,-6.4,0.0],"rotation":[0.0,0.0,0.0],"scale":[3.8095,3.8095,3.8095]},"gui":{"translation":[0.0,0.0,0.0],"rotation":[35.0,225.0,0.0],"scale":[0.625,0.625,0.625]}}}