{"file_name":"left_leg","texture_size":[64,64],"textures":{"5c054fe1-525f-75f7-f394-bab04b43a637":"modelengine:entity/shinobi"},"elements":[{"name":"left_leg","from":[6.8,4.3999996,6.8],"to":[9.2,8.0,9.2],"rotation":{"angle":0.0,"axis":"x","origin":[6.8,0.7999997,8.0]},"faces":{"down":{"uv":[11.0,9.25,10.0,10.25],"rotation":0,"texture":"#5c054fe1-525f-75f7-f394-bab04b43a637","tintindex":0},"east":{"uv":[8.0,10.25,9.0,11.75],"rotation":0,"texture":"#5c054fe1-525f-75f7-f394-bab04b43a637","tintindex":0},"north":{"uv":[9.0,10.25,10.0,11.75],"rotation":0,"texture":"#5c054fe1-525f-75f7-f394-bab04b43a637","tintindex":0},"south":{"uv":[11.0,10.25,12.0,11.75],"rotation":0,"texture":"#5c054fe1-525f-75f7-f394-bab04b43a637","tintindex":0},"up":{"uv":[9.0,9.25,10.0,10.25],"rotation":0,"texture":"#5c054fe1-525f-75f7-f394-bab04b43a637","tintindex":0},"west":{"uv":[10.0,10.25,11.0,11.75],"rotation":0,"texture":"#5c054fe1-525f-75f7-f394-bab04b43a637","tintindex":0}}},{"name":"left_leg","from":[9.2,4.3999996,6.8],"to":[9.2,8.0,9.2],"rotation":{"angle":0.0,"axis":"x","origin":[6.8,0.7999997,8.0]},"faces":{"down":{"uv":[9.75,0.0,9.25,0.5],"rotation":0,"texture":"#5c054fe1-525f-75f7-f394-bab04b43a637","tintindex":0},"east":{"uv":[9.25,0.0,9.75,0.5],"rotation":0,"texture":"#5c054fe1-525f-75f7-f394-bab04b43a637","tintindex":0},"north":{"uv":[9.25,0.0,9.75,0.5],"rotation":0,"texture":"#5c054fe1-525f-75f7-f394-bab04b43a637","tintindex":0},"south":{"uv":[9.25,0.0,9.75,0.5],"rotation":0,"texture":"#5c054fe1-525f-75f7-f394-bab04b43a637","tintindex":0},"up":{"uv":[9.25,0.0,9.75,0.5],"rotation":0,"texture":"#5c054fe1-525f-75f7-f394-bab04b43a637","tintindex":0},"west":{"uv":[9.25,0.0,9.75,0.5],"rotation":0,"texture":"#5c054fe1-525f-75f7-f394-bab04b43a637","tintindex":0}}},{"name":"left_leg","from":[6.8,4.3999996,9.2],"to":[9.2,8.0,9.2],"rotation":{"angle":0.0,"axis":"x","origin":[6.8,0.7999997,8.0]},"faces":{"down":{"uv":[9.75,0.0,9.25,0.5],"rotation":0,"texture":"#5c054fe1-525f-75f7-f394-bab04b43a637","tintindex":0},"east":{"uv":[9.25,0.0,9.75,0.5],"rotation":0,"texture":"#5c054fe1-525f-75f7-f394-bab04b43a637","tintindex":0},"north":{"uv":[9.25,0.0,9.75,0.5],"rotation":0,"texture":"#5c054fe1-525f-75f7-f394-bab04b43a637","tintindex":0},"south":{"uv":[9.25,0.0,9.75,0.5],"rotation":0,"texture":"#5c054fe1-525f-75f7-f394-bab04b43a637","tintindex":0},"up":{"uv":[9.25,0.0,9.75,0.5],"rotation":0,"texture":"#5c054fe1-525f-75f7-f394-bab04b43a637","tintindex":0},"west":{"uv":[9.25,0.0,9.75,0.5],"rotation":0,"texture":"#5c054fe1-525f-75f7-f394-bab04b43a637","tintindex":0}}},{"name":"left_leg","from":[7.1,4.3999996,6.8],"to":[9.2,8.0,6.8],"rotation":{"angle":0.0,"axis":"x","origin":[6.8,0.7999997,8.0]},"faces":{"down":{"uv":[9.75,0.0,9.25,0.5],"rotation":0,"texture":"#5c054fe1-525f-75f7-f394-bab04b43a637","tintindex":0},"east":{"uv":[9.25,0.0,9.75,0.5],"rotation":0,"texture":"#5c054fe1-525f-75f7-f394-bab04b43a637","tintindex":0},"north":{"uv":[9.25,0.0,9.75,0.5],"rotation":0,"texture":"#5c054fe1-525f-75f7-f394-bab04b43a637","tintindex":0},"south":{"uv":[9.25,0.0,9.75,0.5],"rotation":0,"texture":"#5c054fe1-525f-75f7-f394-bab04b43a637","tintindex":0},"up":{"uv":[9.25,0.0,9.75,0.5],"rotation":0,"texture":"#5c054fe1-525f-75f7-f394-bab04b43a637","tintindex":0},"west":{"uv":[9.25,0.75,9.75,1.25],"rotation":0,"texture":"#5c054fe1-525f-75f7-f394-bab04b43a637","tintindex":0}}},{"name":"left_leg","from":[6.98,8.0,6.8],"to":[7.04,8.48,6.8],"rotation":{"angle":22.5,"axis":"z","origin":[8.15,8.0,6.8]},"faces":{"down":{"uv":[9.75,0.0,9.25,0.5],"rotation":0,"texture":"#5c054fe1-525f-75f7-f394-bab04b43a637","tintindex":0},"east":{"uv":[9.25,0.0,9.75,0.5],"rotation":0,"texture":"#5c054fe1-525f-75f7-f394-bab04b43a637","tintindex":0},"north":{"uv":[9.25,0.0,9.75,0.5],"rotation":0,"texture":"#5c054fe1-525f-75f7-f394-bab04b43a637","tintindex":0},"south":{"uv":[9.25,0.0,9.75,0.5],"rotation":0,"texture":"#5c054fe1-525f-75f7-f394-bab04b43a637","tintindex":0},"up":{"uv":[9.25,0.0,9.75,0.5],"rotation":0,"texture":"#5c054fe1-525f-75f7-f394-bab04b43a637","tintindex":0},"west":{"uv":[9.25,0.75,9.75,1.25],"rotation":0,"texture":"#5c054fe1-525f-75f7-f394-bab04b43a637","tintindex":0}}},{"name":"left_leg","from":[6.785,7.4,6.6949997],"to":[6.815,8.0,6.725],"rotation":{"angle":22.5,"axis":"z","origin":[6.8,8.0,6.71]},"faces":{"down":{"uv":[9.75,0.75,9.25,1.25],"rotation":0,"texture":"#5c054fe1-525f-75f7-f394-bab04b43a637","tintindex":0},"east":{"uv":[9.25,0.75,9.75,1.25],"rotation":0,"texture":"#5c054fe1-525f-75f7-f394-bab04b43a637","tintindex":0},"north":{"uv":[9.25,0.75,9.75,1.25],"rotation":0,"texture":"#5c054fe1-525f-75f7-f394-bab04b43a637","tintindex":0},"south":{"uv":[9.25,0.75,9.75,1.25],"rotation":0,"texture":"#5c054fe1-525f-75f7-f394-bab04b43a637","tintindex":0},"up":{"uv":[9.25,0.75,9.75,1.25],"rotation":0,"texture":"#5c054fe1-525f-75f7-f394-bab04b43a637","tintindex":0},"west":{"uv":[9.25,0.75,9.75,1.25],"rotation":0,"texture":"#5c054fe1-525f-75f7-f394-bab04b43a637","tintindex":0}}},{"name":"left_leg","from":[7.013,4.391,6.6949997],"to":[7.0429997,7.451,6.725],"rotation":{"angle":0.0,"axis":"x","origin":[6.8,0.7999997,8.0]},"faces":{"down":{"uv":[9.75,0.75,9.25,1.25],"rotation":0,"texture":"#5c054fe1-525f-75f7-f394-bab04b43a637","tintindex":0},"east":{"uv":[9.25,0.75,9.75,1.25],"rotation":0,"texture":"#5c054fe1-525f-75f7-f394-bab04b43a637","tintindex":0},"north":{"uv":[9.25,0.75,9.75,1.25],"rotation":0,"texture":"#5c054fe1-525f-75f7-f394-bab04b43a637","tintindex":0},"south":{"uv":[9.25,0.75,9.75,1.25],"rotation":0,"texture":"#5c054fe1-525f-75f7-f394-bab04b43a637","tintindex":0},"up":{"uv":[9.25,0.75,9.75,1.25],"rotation":0,"texture":"#5c054fe1-525f-75f7-f394-bab04b43a637","tintindex":0},"west":{"uv":[9.25,0.75,9.75,1.25],"rotation":0,"texture":"#5c054fe1-525f-75f7-f394-bab04b43a637","tintindex":0}}}],"display":{"head":{"translation":[0.0,-6.4,0.0],"rotation":[0.0,0.0,0.0],"scale":[3.8095,3.8095,3.8095]},"gui":{"translation":[0.0,0.0,0.0],"rotation":[35.0,225.0,0.0],"scale":[0.625,0.625,0.625]}}}