{"file_name":"right_leg_lower","texture_size":[64,64],"textures":{"5c054fe1-525f-75f7-f394-bab04b43a637":"modelengine:entity/shinobi"},"elements":[{"name":"right_leg_lower","from":[6.8,5.6,6.8],"to":[8.66,8.0,6.8],"rotation":{"angle":0.0,"axis":"x","origin":[9.2,4.3999996,8.0]},"faces":{"down":{"uv":[9.75,0.0,9.25,0.5],"rotation":0,"texture":"#5c054fe1-525f-75f7-f394-bab04b43a637","tintindex":0},"east":{"uv":[9.25,0.75,9.75,1.25],"rotation":0,"texture":"#5c054fe1-525f-75f7-f394-bab04b43a637","tintindex":0},"north":{"uv":[9.25,0.0,9.75,0.5],"rotation":0,"texture":"#5c054fe1-525f-75f7-f394-bab04b43a637","tintindex":0},"south":{"uv":[9.25,0.0,9.75,0.5],"rotation":0,"texture":"#5c054fe1-525f-75f7-f394-bab04b43a637","tintindex":0},"up":{"uv":[9.25,0.0,9.75,0.5],"rotation":0,"texture":"#5c054fe1-525f-75f7-f394-bab04b43a637","tintindex":0},"west":{"uv":[9.25,0.0,9.75,0.5],"rotation":0,"texture":"#5c054fe1-525f-75f7-f394-bab04b43a637","tintindex":0}}},{"name":"right_leg_lower","from":[6.8,4.3999996,6.8],"to":[9.2,8.0,9.2],"rotation":{"angle":0.0,"axis":"x","origin":[9.2,4.3999996,8.0]},"faces":{"down":{"uv":[15.0,11.75,14.0,12.75],"rotation":0,"texture":"#5c054fe1-525f-75f7-f394-bab04b43a637","tintindex":0},"east":{"uv":[12.0,12.75,13.0,14.25],"rotation":0,"texture":"#5c054fe1-525f-75f7-f394-bab04b43a637","tintindex":0},"north":{"uv":[13.0,12.75,14.0,14.25],"rotation":0,"texture":"#5c054fe1-525f-75f7-f394-bab04b43a637","tintindex":0},"south":{"uv":[15.0,12.75,16.0,14.25],"rotation":0,"texture":"#5c054fe1-525f-75f7-f394-bab04b43a637","tintindex":0},"up":{"uv":[13.0,11.75,14.0,12.75],"rotation":0,"texture":"#5c054fe1-525f-75f7-f394-bab04b43a637","tintindex":0},"west":{"uv":[14.0,12.75,15.0,14.25],"rotation":0,"texture":"#5c054fe1-525f-75f7-f394-bab04b43a637","tintindex":0}}},{"name":"right_leg_lower","from":[8.957001,7.4,6.6949997],"to":[8.987,8.0,6.725],"rotation":{"angle":-22.5,"axis":"z","origin":[8.96,8.0,6.71]},"faces":{"down":{"uv":[9.75,0.75,9.25,1.25],"rotation":0,"texture":"#5c054fe1-525f-75f7-f394-bab04b43a637","tintindex":0},"east":{"uv":[9.25,0.75,9.75,1.25],"rotation":0,"texture":"#5c054fe1-525f-75f7-f394-bab04b43a637","tintindex":0},"north":{"uv":[9.25,0.75,9.75,1.25],"rotation":0,"texture":"#5c054fe1-525f-75f7-f394-bab04b43a637","tintindex":0},"south":{"uv":[9.25,0.75,9.75,1.25],"rotation":0,"texture":"#5c054fe1-525f-75f7-f394-bab04b43a637","tintindex":0},"up":{"uv":[9.25,0.75,9.75,1.25],"rotation":0,"texture":"#5c054fe1-525f-75f7-f394-bab04b43a637","tintindex":0},"west":{"uv":[9.25,0.75,9.75,1.25],"rotation":0,"texture":"#5c054fe1-525f-75f7-f394-bab04b43a637","tintindex":0}}},{"name":"right_leg_lower","from":[8.723,5.531,6.6949997],"to":[8.753,7.451,6.725],"rotation":{"angle":0.0,"axis":"x","origin":[9.2,4.3999996,8.0]},"faces":{"down":{"uv":[9.75,0.75,9.25,1.25],"rotation":0,"texture":"#5c054fe1-525f-75f7-f394-bab04b43a637","tintindex":0},"east":{"uv":[9.25,0.75,9.75,1.25],"rotation":0,"texture":"#5c054fe1-525f-75f7-f394-bab04b43a637","tintindex":0},"north":{"uv":[9.25,0.75,9.75,1.25],"rotation":0,"texture":"#5c054fe1-525f-75f7-f394-bab04b43a637","tintindex":0},"south":{"uv":[9.25,0.75,9.75,1.25],"rotation":0,"texture":"#5c054fe1-525f-75f7-f394-bab04b43a637","tintindex":0},"up":{"uv":[9.25,0.75,9.75,1.25],"rotation":0,"texture":"#5c054fe1-525f-75f7-f394-bab04b43a637","tintindex":0},"west":{"uv":[9.25,0.75,9.75,1.25],"rotation":0,"texture":"#5c054fe1-525f-75f7-f394-bab04b43a637","tintindex":0}}},{"name":"right_leg_lower","from":[8.714935,7.48547,6.8],"to":[8.774937,7.96547,6.8],"rotation":{"angle":-22.5,"axis":"z","origin":[8.744936,7.72547,6.8]},"faces":{"down":{"uv":[9.75,0.0,9.25,0.5],"rotation":0,"texture":"#5c054fe1-525f-75f7-f394-bab04b43a637","tintindex":0},"east":{"uv":[9.25,0.75,9.75,1.25],"rotation":0,"texture":"#5c054fe1-525f-75f7-f394-bab04b43a637","tintindex":0},"north":{"uv":[9.25,0.0,9.75,0.5],"rotation":0,"texture":"#5c054fe1-525f-75f7-f394-bab04b43a637","tintindex":0},"south":{"uv":[9.25,0.0,9.75,0.5],"rotation":0,"texture":"#5c054fe1-525f-75f7-f394-bab04b43a637","tintindex":0},"up":{"uv":[9.25,0.0,9.75,0.5],"rotation":0,"texture":"#5c054fe1-525f-75f7-f394-bab04b43a637","tintindex":0},"west":{"uv":[9.25,0.0,9.75,0.5],"rotation":0,"texture":"#5c054fe1-525f-75f7-f394-bab04b43a637","tintindex":0}}},{"name":"right_leg_lower","from":[6.8,5.6,6.8],"to":[6.8,8.0,9.2],"rotation":{"angle":0.0,"axis":"x","origin":[9.2,4.3999996,8.0]},"faces":{"down":{"uv":[9.75,0.0,9.25,0.5],"rotation":0,"texture":"#5c054fe1-525f-75f7-f394-bab04b43a637","tintindex":0},"east":{"uv":[9.25,0.0,9.75,0.5],"rotation":0,"texture":"#5c054fe1-525f-75f7-f394-bab04b43a637","tintindex":0},"north":{"uv":[9.25,0.0,9.75,0.5],"rotation":0,"texture":"#5c054fe1-525f-75f7-f394-bab04b43a637","tintindex":0},"south":{"uv":[9.25,0.0,9.75,0.5],"rotation":0,"texture":"#5c054fe1-525f-75f7-f394-bab04b43a637","tintindex":0},"up":{"uv":[9.25,0.0,9.75,0.5],"rotation":0,"texture":"#5c054fe1-525f-75f7-f394-bab04b43a637","tintindex":0},"west":{"uv":[9.25,0.0,9.75,0.5],"rotation":0,"texture":"#5c054fe1-525f-75f7-f394-bab04b43a637","tintindex":0}}},{"name":"right_leg_lower","from":[6.8,5.6,9.2],"to":[9.2,8.0,9.2],"rotation":{"angle":0.0,"axis":"x","origin":[9.2,4.3999996,8.0]},"faces":{"down":{"uv":[9.75,0.0,9.25,0.5],"rotation":0,"texture":"#5c054fe1-525f-75f7-f394-bab04b43a637","tintindex":0},"east":{"uv":[9.25,0.0,9.75,0.5],"rotation":0,"texture":"#5c054fe1-525f-75f7-f394-bab04b43a637","tintindex":0},"north":{"uv":[9.25,0.0,9.75,0.5],"rotation":0,"texture":"#5c054fe1-525f-75f7-f394-bab04b43a637","tintindex":0},"south":{"uv":[9.25,0.0,9.75,0.5],"rotation":0,"texture":"#5c054fe1-525f-75f7-f394-bab04b43a637","tintindex":0},"up":{"uv":[9.25,0.0,9.75,0.5],"rotation":0,"texture":"#5c054fe1-525f-75f7-f394-bab04b43a637","tintindex":0},"west":{"uv":[9.25,0.0,9.75,0.5],"rotation":0,"texture":"#5c054fe1-525f-75f7-f394-bab04b43a637","tintindex":0}}}],"display":{"head":{"translation":[0.0,-6.4,0.0],"rotation":[0.0,0.0,0.0],"scale":[3.8095,3.8095,3.8095]},"gui":{"translation":[0.0,0.0,0.0],"rotation":[35.0,225.0,0.0],"scale":[0.625,0.625,0.625]}}}