{"file_name":"chestupper","texture_size":[112,112],"textures":{"561e6472-7a0f-8572-ba90-b543dc433a18":"modelengine:entity/itachisusanoarmor"},"elements":[{"name":"cube","from":[6.6499996,6.2,5.6],"to":[12.650001,19.400002,14.0],"rotation":{"angle":-22.5,"axis":"z","origin":[8.0,-0.40000033,8.0]},"faces":{"down":{"uv":[1.6326531,0.0,0.0,2.0408163],"rotation":0,"texture":"#561e6472-7a0f-8572-ba90-b543dc433a18","tintindex":0},"east":{"uv":[0.0,0.0,1.6326531,1.6326531],"rotation":0,"texture":"#561e6472-7a0f-8572-ba90-b543dc433a18","tintindex":0},"north":{"uv":[0.0,0.0,1.8367348,1.8367348],"rotation":0,"texture":"#561e6472-7a0f-8572-ba90-b543dc433a18","tintindex":0},"south":{"uv":[0.0,0.0,1.4285715,1.4285715],"rotation":0,"texture":"#561e6472-7a0f-8572-ba90-b543dc433a18","tintindex":0},"up":{"uv":[0.0,0.0,1.6326531,2.0408163],"rotation":0,"texture":"#561e6472-7a0f-8572-ba90-b543dc433a18","tintindex":0},"west":{"uv":[0.0,0.0,1.6326531,1.6326531],"rotation":0,"texture":"#561e6472-7a0f-8572-ba90-b543dc433a18","tintindex":0}}},{"name":"cube","from":[1.0227921,8.0,1.0227921],"to":[11.672792,16.400002,4.322792],"rotation":{"angle":-45.0,"axis":"y","origin":[8.0,-0.40000033,8.0]},"faces":{"down":{"uv":[1.6326531,0.0,0.0,2.0408163],"rotation":0,"texture":"#561e6472-7a0f-8572-ba90-b543dc433a18","tintindex":0},"east":{"uv":[0.0,0.0,1.6326531,1.6326531],"rotation":0,"texture":"#561e6472-7a0f-8572-ba90-b543dc433a18","tintindex":0},"north":{"uv":[0.0,0.0,1.8367348,1.8367348],"rotation":0,"texture":"#561e6472-7a0f-8572-ba90-b543dc433a18","tintindex":0},"south":{"uv":[0.0,0.0,1.4285715,1.4285715],"rotation":0,"texture":"#561e6472-7a0f-8572-ba90-b543dc433a18","tintindex":0},"up":{"uv":[0.0,0.0,1.6326531,2.0408163],"rotation":0,"texture":"#561e6472-7a0f-8572-ba90-b543dc433a18","tintindex":0},"west":{"uv":[0.0,0.0,1.6326531,1.6326531],"rotation":0,"texture":"#561e6472-7a0f-8572-ba90-b543dc433a18","tintindex":0}}},{"name":"cube","from":[6.8727922,8.0,14.222793],"to":[17.522793,16.400002,17.522793],"rotation":{"angle":-45.0,"axis":"y","origin":[8.0,-0.40000033,8.0]},"faces":{"down":{"uv":[1.6326531,0.0,0.0,2.0408163],"rotation":0,"texture":"#561e6472-7a0f-8572-ba90-b543dc433a18","tintindex":0},"east":{"uv":[0.0,0.0,1.6326531,1.6326531],"rotation":0,"texture":"#561e6472-7a0f-8572-ba90-b543dc433a18","tintindex":0},"north":{"uv":[0.0,0.0,1.8367348,1.8367348],"rotation":0,"texture":"#561e6472-7a0f-8572-ba90-b543dc433a18","tintindex":0},"south":{"uv":[0.0,0.0,1.4285715,1.4285715],"rotation":0,"texture":"#561e6472-7a0f-8572-ba90-b543dc433a18","tintindex":0},"up":{"uv":[0.0,0.0,1.6326531,2.0408163],"rotation":0,"texture":"#561e6472-7a0f-8572-ba90-b543dc433a18","tintindex":0},"west":{"uv":[0.0,0.0,1.6326531,1.6326531],"rotation":0,"texture":"#561e6472-7a0f-8572-ba90-b543dc433a18","tintindex":0}}},{"name":"cube","from":[-1.5227928,8.0,14.222793],"to":[9.127208,16.400002,17.522793],"rotation":{"angle":45.0,"axis":"y","origin":[8.0,-0.40000033,8.0]},"faces":{"down":{"uv":[1.6326531,0.0,0.0,2.0408163],"rotation":0,"texture":"#561e6472-7a0f-8572-ba90-b543dc433a18","tintindex":0},"east":{"uv":[0.0,0.0,1.6326531,1.6326531],"rotation":0,"texture":"#561e6472-7a0f-8572-ba90-b543dc433a18","tintindex":0},"north":{"uv":[0.0,0.0,1.8367348,1.8367348],"rotation":0,"texture":"#561e6472-7a0f-8572-ba90-b543dc433a18","tintindex":0},"south":{"uv":[0.0,0.0,1.4285715,1.4285715],"rotation":0,"texture":"#561e6472-7a0f-8572-ba90-b543dc433a18","tintindex":0},"up":{"uv":[0.0,0.0,1.6326531,2.0408163],"rotation":0,"texture":"#561e6472-7a0f-8572-ba90-b543dc433a18","tintindex":0},"west":{"uv":[0.0,0.0,1.6326531,1.6326531],"rotation":0,"texture":"#561e6472-7a0f-8572-ba90-b543dc433a18","tintindex":0}}},{"name":"bruh","from":[4.3272076,8.0,1.0227921],"to":[14.977208,16.400002,4.322792],"rotation":{"angle":45.0,"axis":"y","origin":[8.0,-0.40000033,8.0]},"faces":{"down":{"uv":[1.6326531,0.0,0.0,2.0408163],"rotation":0,"texture":"#561e6472-7a0f-8572-ba90-b543dc433a18","tintindex":0},"east":{"uv":[0.0,0.0,1.6326531,1.6326531],"rotation":0,"texture":"#561e6472-7a0f-8572-ba90-b543dc433a18","tintindex":0},"north":{"uv":[0.0,0.0,1.8367348,1.8367348],"rotation":0,"texture":"#561e6472-7a0f-8572-ba90-b543dc433a18","tintindex":0},"south":{"uv":[0.0,0.0,1.4285715,1.4285715],"rotation":0,"texture":"#561e6472-7a0f-8572-ba90-b543dc433a18","tintindex":0},"up":{"uv":[0.0,0.0,1.6326531,2.0408163],"rotation":0,"texture":"#561e6472-7a0f-8572-ba90-b543dc433a18","tintindex":0},"west":{"uv":[0.0,0.0,1.6326531,1.6326531],"rotation":0,"texture":"#561e6472-7a0f-8572-ba90-b543dc433a18","tintindex":0}}},{"name":"cube","from":[3.35,6.2,5.6],"to":[9.35,19.400002,14.0],"rotation":{"angle":22.5,"axis":"z","origin":[8.0,-0.40000033,8.0]},"faces":{"down":{"uv":[1.6326531,0.0,0.0,2.0408163],"rotation":0,"texture":"#561e6472-7a0f-8572-ba90-b543dc433a18","tintindex":0},"east":{"uv":[0.0,0.0,1.6326531,1.6326531],"rotation":0,"texture":"#561e6472-7a0f-8572-ba90-b543dc433a18","tintindex":0},"north":{"uv":[0.0,0.0,1.8367348,1.8367348],"rotation":0,"texture":"#561e6472-7a0f-8572-ba90-b543dc433a18","tintindex":0},"south":{"uv":[0.0,0.0,1.4285715,1.4285715],"rotation":0,"texture":"#561e6472-7a0f-8572-ba90-b543dc433a18","tintindex":0},"up":{"uv":[0.0,0.0,1.6326531,2.0408163],"rotation":0,"texture":"#561e6472-7a0f-8572-ba90-b543dc433a18","tintindex":0},"west":{"uv":[0.0,0.0,1.6326531,1.6326531],"rotation":0,"texture":"#561e6472-7a0f-8572-ba90-b543dc433a18","tintindex":0}}},{"name":"cube","from":[3.1999998,10.4,3.1999998],"to":[12.8,17.0,16.400002],"rotation":{"angle":0.0,"axis":"x","origin":[8.0,-0.40000033,8.0]},"faces":{"down":{"uv":[1.6326531,0.0,0.0,2.0408163],"rotation":0,"texture":"#561e6472-7a0f-8572-ba90-b543dc433a18","tintindex":0},"east":{"uv":[0.0,0.0,1.6326531,1.6326531],"rotation":0,"texture":"#561e6472-7a0f-8572-ba90-b543dc433a18","tintindex":0},"north":{"uv":[0.0,0.0,1.8367348,1.8367348],"rotation":0,"texture":"#561e6472-7a0f-8572-ba90-b543dc433a18","tintindex":0},"south":{"uv":[0.0,0.0,1.4285715,1.4285715],"rotation":0,"texture":"#561e6472-7a0f-8572-ba90-b543dc433a18","tintindex":0},"up":{"uv":[0.0,0.0,1.6326531,2.0408163],"rotation":0,"texture":"#561e6472-7a0f-8572-ba90-b543dc433a18","tintindex":0},"west":{"uv":[0.0,0.0,1.6326531,1.6326531],"rotation":0,"texture":"#561e6472-7a0f-8572-ba90-b543dc433a18","tintindex":0}}},{"name":"cube","from":[17.994114,13.829437,18.467262],"to":[20.994114,26.42944,21.467262],"rotation":{"angle":45.0,"axis":"z","origin":[11.394113,-0.5705631,8.867262]},"faces":{"down":{"uv":[1.6326531,0.0,0.0,2.0408163],"rotation":0,"texture":"#561e6472-7a0f-8572-ba90-b543dc433a18","tintindex":0},"east":{"uv":[3.0000002,0.0,11.142858,8.142858],"rotation":0,"texture":"#561e6472-7a0f-8572-ba90-b543dc433a18","tintindex":0},"north":{"uv":[8.928572,0.0,2.6785715,7.1428576],"rotation":0,"texture":"#561e6472-7a0f-8572-ba90-b543dc433a18","tintindex":0},"south":{"uv":[3.0000002,0.0,11.142858,8.142858],"rotation":0,"texture":"#561e6472-7a0f-8572-ba90-b543dc433a18","tintindex":0},"up":{"uv":[3.2653062,0.0,4.897959,2.0408163],"rotation":0,"texture":"#561e6472-7a0f-8572-ba90-b543dc433a18","tintindex":0},"west":{"uv":[3.0000002,0.0,11.142858,8.142858],"rotation":0,"texture":"#561e6472-7a0f-8572-ba90-b543dc433a18","tintindex":0}}},{"name":"cube","from":[16.575737,11.253702,-1.8672624],"to":[19.575737,23.853703,1.1327379],"rotation":{"angle":45.0,"axis":"z","origin":[7.575736,-0.14629912,7.732738]},"faces":{"down":{"uv":[1.6326531,0.0,0.0,2.0408163],"rotation":0,"texture":"#561e6472-7a0f-8572-ba90-b543dc433a18","tintindex":0},"east":{"uv":[3.0000002,0.0,11.142858,8.142858],"rotation":0,"texture":"#561e6472-7a0f-8572-ba90-b543dc433a18","tintindex":0},"north":{"uv":[3.0000002,0.0,11.142858,8.142858],"rotation":0,"texture":"#561e6472-7a0f-8572-ba90-b543dc433a18","tintindex":0},"south":{"uv":[2.6785715,0.0,8.928572,7.1428576],"rotation":0,"texture":"#561e6472-7a0f-8572-ba90-b543dc433a18","tintindex":0},"up":{"uv":[2.6785715,0.0,4.311225,2.0408163],