{"file_name":"chestlower2","texture_size":[112,112],"textures":{"561e6472-7a0f-8572-ba90-b543dc433a18":"modelengine:entity/itachisusanoarmor"},"elements":[{"name":"cube","from":[1.2833015,5.8999996,3.4268208],"to":[15.233303,10.1,15.8768215],"rotation":{"angle":0.0,"axis":"x","origin":[8.183302,8.0,7.776821]},"faces":{"down":{"uv":[1.6326531,0.0,0.0,2.0408163],"rotation":0,"texture":"#561e6472-7a0f-8572-ba90-b543dc433a18","tintindex":0},"east":{"uv":[0.0,0.0,1.6326531,1.6326531],"rotation":0,"texture":"#561e6472-7a0f-8572-ba90-b543dc433a18","tintindex":0},"north":{"uv":[0.0,0.0,1.8367348,1.8367348],"rotation":0,"texture":"#561e6472-7a0f-8572-ba90-b543dc433a18","tintindex":0},"south":{"uv":[0.0,0.0,1.4285715,1.4285715],"rotation":0,"texture":"#561e6472-7a0f-8572-ba90-b543dc433a18","tintindex":0},"up":{"uv":[0.0,0.0,1.6326531,2.0408163],"rotation":0,"texture":"#561e6472-7a0f-8572-ba90-b543dc433a18","tintindex":0},"west":{"uv":[0.0,0.0,1.6326531,1.6326531],"rotation":0,"texture":"#561e6472-7a0f-8572-ba90-b543dc433a18","tintindex":0}}},{"name":"cube","from":[13.413036,5.8999996,0.023608923],"to":[16.563036,10.1,6.3236094],"rotation":{"angle":22.5,"axis":"y","origin":[8.6166,8.0,8.217728]},"faces":{"down":{"uv":[1.6326531,0.0,0.0,2.0408163],"rotation":0,"texture":"#561e6472-7a0f-8572-ba90-b543dc433a18","tintindex":0},"east":{"uv":[0.0,0.0,1.6326531,1.6326531],"rotation":0,"texture":"#561e6472-7a0f-8572-ba90-b543dc433a18","tintindex":0},"north":{"uv":[0.0,0.0,1.8367348,1.8367348],"rotation":0,"texture":"#561e6472-7a0f-8572-ba90-b543dc433a18","tintindex":0},"south":{"uv":[0.0,0.0,1.4285715,1.4285715],"rotation":0,"texture":"#561e6472-7a0f-8572-ba90-b543dc433a18","tintindex":0},"up":{"uv":[0.0,0.0,1.6326531,2.0408163],"rotation":0,"texture":"#561e6472-7a0f-8572-ba90-b543dc433a18","tintindex":0},"west":{"uv":[0.0,0.0,1.6326531,1.6326531],"rotation":0,"texture":"#561e6472-7a0f-8572-ba90-b543dc433a18","tintindex":0}}},{"name":"cube","from":[2.4530988,5.8999996,19.374943],"to":[7.4030995,10.1,22.974941],"rotation":{"angle":22.5,"axis":"y","origin":[6.8919296,1.6999998,8.711958]},"faces":{"down":{"uv":[1.6326531,0.0,0.0,2.0408163],"rotation":0,"texture":"#561e6472-7a0f-8572-ba90-b543dc433a18","tintindex":0},"east":{"uv":[0.0,0.0,1.6326531,1.6326531],"rotation":0,"texture":"#561e6472-7a0f-8572-ba90-b543dc433a18","tintindex":0},"north":{"uv":[0.0,0.0,1.8367348,1.8367348],"rotation":0,"texture":"#561e6472-7a0f-8572-ba90-b543dc433a18","tintindex":0},"south":{"uv":[0.0,0.0,1.4285715,1.4285715],"rotation":0,"texture":"#561e6472-7a0f-8572-ba90-b543dc433a18","tintindex":0},"up":{"uv":[0.0,0.0,1.6326531,2.0408163],"rotation":0,"texture":"#561e6472-7a0f-8572-ba90-b543dc433a18","tintindex":0},"west":{"uv":[0.0,0.0,1.6326531,1.6326531],"rotation":0,"texture":"#561e6472-7a0f-8572-ba90-b543dc433a18","tintindex":0}}},{"name":"cube","from":[-1.4697657,5.8999996,12.472747],"to":[1.6802347,10.1,18.772747],"rotation":{"angle":22.5,"axis":"y","origin":[8.454332,8.0,7.2526627]},"faces":{"down":{"uv":[1.6326531,0.0,0.0,2.0408163],"rotation":0,"texture":"#561e6472-7a0f-8572-ba90-b543dc433a18","tintindex":0},"east":{"uv":[0.0,0.0,1.6326531,1.6326531],"rotation":0,"texture":"#561e6472-7a0f-8572-ba90-b543dc433a18","tintindex":0},"north":{"uv":[0.0,0.0,1.8367348,1.8367348],"rotation":0,"texture":"#561e6472-7a0f-8572-ba90-b543dc433a18","tintindex":0},"south":{"uv":[0.0,0.0,1.4285715,1.4285715],"rotation":0,"texture":"#561e6472-7a0f-8572-ba90-b543dc433a18","tintindex":0},"up":{"uv":[0.0,0.0,1.6326531,2.0408163],"rotation":0,"texture":"#561e6472-7a0f-8572-ba90-b543dc433a18","tintindex":0},"west":{"uv":[0.0,0.0,1.6326531,1.6326531],"rotation":0,"texture":"#561e6472-7a0f-8572-ba90-b543dc433a18","tintindex":0}}},{"name":"cube","from":[9.067832,5.8999996,19.604553],"to":[14.017833,10.1,23.204552],"rotation":{"angle":-22.5,"axis":"y","origin":[10.179003,1.6999998,8.941568]},"faces":{"down":{"uv":[1.6326531,0.0,0.0,2.0408163],"rotation":0,"texture":"#561e6472-7a0f-8572-ba90-b543dc433a18","tintindex":0},"east":{"uv":[0.0,0.0,1.6326531,1.6326531],"rotation":0,"texture":"#561e6472-7a0f-8572-ba90-b543dc433a18","tintindex":0},"north":{"uv":[0.0,0.0,1.8367348,1.8367348],"rotation":0,"texture":"#561e6472-7a0f-8572-ba90-b543dc433a18","tintindex":0},"south":{"uv":[0.0,0.0,1.4285715,1.4285715],"rotation":0,"texture":"#561e6472-7a0f-8572-ba90-b543dc433a18","tintindex":0},"up":{"uv":[0.0,0.0,1.6326531,2.0408163],"rotation":0,"texture":"#561e6472-7a0f-8572-ba90-b543dc433a18","tintindex":0},"west":{"uv":[0.0,0.0,1.6326531,1.6326531],"rotation":0,"texture":"#561e6472-7a0f-8572-ba90-b543dc433a18","tintindex":0}}},{"name":"cube","from":[14.790696,5.8999996,12.702357],"to":[17.940697,10.1,19.002357],"rotation":{"angle":-22.5,"axis":"y","origin":[8.6166,8.0,7.4822726]},"faces":{"down":{"uv":[1.6326531,0.0,0.0,2.0408163],"rotation":0,"texture":"#561e6472-7a0f-8572-ba90-b543dc433a18","tintindex":0},"east":{"uv":[0.0,0.0,1.6326531,1.6326531],"rotation":0,"texture":"#561e6472-7a0f-8572-ba90-b543dc433a18","tintindex":0},"north":{"uv":[0.0,0.0,1.8367348,1.8367348],"rotation":0,"texture":"#561e6472-7a0f-8572-ba90-b543dc433a18","tintindex":0},"south":{"uv":[0.0,0.0,1.4285715,1.4285715],"rotation":0,"texture":"#561e6472-7a0f-8572-ba90-b543dc433a18","tintindex":0},"up":{"uv":[0.0,0.0,1.6326531,2.0408163],"rotation":0,"texture":"#561e6472-7a0f-8572-ba90-b543dc433a18","tintindex":0},"west":{"uv":[0.0,0.0,1.6326531,1.6326531],"rotation":0,"texture":"#561e6472-7a0f-8572-ba90-b543dc433a18","tintindex":0}}},{"name":"cube","from":[7.6901717,5.8999996,-4.1785855],"to":[12.640172,10.1,-0.5785854],"rotation":{"angle":22.5,"axis":"y","origin":[10.179003,1.6999998,6.758432]},"faces":{"down":{"uv":[1.6326531,0.0,0.0,2.0408163],"rotation":0,"texture":"#561e6472-7a0f-8572-ba90-b543dc433a18","tintindex":0},"east":{"uv":[0.0,0.0,1.6326531,1.6326531],"rotation":0,"texture":"#561e6472-7a0f-8572-ba90-b543dc433a18","tintindex":0},"north":{"uv":[0.0,0.0,1.8367348,1.8367348],"rotation":0,"texture":"#561e6472-7a0f-8572-ba90-b543dc433a18","tintindex":0},"south":{"uv":[0.0,0.0,1.4285715,1.4285715],"rotation":0,"texture":"#561e6472-7a0f-8572-ba90-b543dc433a18","tintindex":0},"up":{"uv":[0.0,0.0,1.6326531,2.0408163],"rotation":0,"texture":"#561e6472-7a0f-8572-ba90-b543dc433a18","tintindex":0},"west":{"uv":[0.0,0.0,1.6326531,1.6326531],"rotation":0,"texture":"#561e6472-7a0f-8572-ba90-b543dc433a18","tintindex":0}}},{"name":"cube","from":[-0.09210515,5.8999996,0.25321937],"to":[3.0578952,10.1,6.55322],"rotation":{"angle":-22.5,"axis":"y","origin":[8.454332,8.0,8.447338]},"faces":{"down":{"uv":[1.6326531,0.0,0.0,2.0408163],"rotation":0,"texture":"#561e6472-7a0f-8572-ba90-b543dc433a18","tintindex":0},"east":{"uv":[0.0,0.0,1.6326531,1.6326531],"rotation":0,"texture":"#561e6472-7a0f-8572-ba90-b543dc433a18","tintindex":0},"north":{"uv":[0.0,0.0,1.8367348,1.8367348],"rotation":0,"texture":"#561e6472-7a0f-8572-ba90-b543dc433a18","tintindex":0},"south":{"uv":[0.0,0.0,1.4285715,1.4285715],"rotation":0,"texture":"#561e6472-7a0f-8572-ba90-b543dc433a18","tintindex":0},"up":{"uv":[0.0,0.0,1.6326531,2.0408163],"rotation":0,"texture":"#561e6472-7a0f-8572-ba90-b543dc433a18","tintindex":0},"west":{"uv":[0.0,0.0,1.6326531,1.6326531],"rotation":0,"texture":"#561e6472-7a0f-8572-ba90-b543dc433a18","tintindex":0}}},{"name":"cube","from":[3.8307595,5.8999996,-3.948976],"to":[8.78076,10.1,-0.34897518],"rotation":{"angle":-22.5,"axis":"y","origin":[6.8919296,1.6999998,6.988042]},"faces":{"down":{"uv":[1.6326531,0.0,0.0,2.0408163],"rotation":0,"texture":"#561e6472-7a0f-8572-ba90-b543dc433a18","tintindex":0},"east":{"uv":[0.0,0.0,1.6326531,1.6326531],"rotation":0,"texture":"#561e6472-7a0f-8572-ba90-b543dc433a18","tintindex":0},"north":{"uv":[0.0,0.0,1.8367348,1.8367348],"rotation":0,"texture":"#561e6472-7a0f-8572-ba90-b543dc433a18","tintindex":0},"south":{"uv":[0.0,0.0,1.4285715,1.4285715],"rotation":0,"texture":"#561e6472-7a0f-8572-ba90-b543dc433a18","tintindex":0},