{"file_name":"rightarmupper","texture_size":[112,112],"textures":{"561e6472-7a0f-8572-ba90-b543dc433a18":"modelengine:entity/itachisusanoarmor"},"elements":[{"name":"cube","from":[6.2,5.8999996,10.4],"to":[9.8,9.5,17.6],"rotation":{"angle":0.0,"axis":"x","origin":[8.0,-7.000001,-7.000001]},"faces":{"down":{"uv":[1.6326531,0.0,0.0,2.0408163],"rotation":0,"texture":"#561e6472-7a0f-8572-ba90-b543dc433a18","tintindex":0},"east":{"uv":[0.0,0.0,1.6326531,1.6326531],"rotation":0,"texture":"#561e6472-7a0f-8572-ba90-b543dc433a18","tintindex":0},"north":{"uv":[0.0,0.0,1.8367348,1.8367348],"rotation":0,"texture":"#561e6472-7a0f-8572-ba90-b543dc433a18","tintindex":0},"south":{"uv":[0.0,0.0,1.4285715,1.4285715],"rotation":0,"texture":"#561e6472-7a0f-8572-ba90-b543dc433a18","tintindex":0},"up":{"uv":[0.0,0.0,1.6326531,2.0408163],"rotation":0,"texture":"#561e6472-7a0f-8572-ba90-b543dc433a18","tintindex":0},"west":{"uv":[0.0,0.0,1.6326531,1.6326531],"rotation":0,"texture":"#561e6472-7a0f-8572-ba90-b543dc433a18","tintindex":0}}}],"display":{"head":{"translation":[0.0,-6.4,0.0],"rotation":[0.0,0.0,0.0],"scale":[3.8095,3.8095,3.8095]},"gui":{"translation":[0.0,0.0,0.0],"rotation":[35.0,225.0,0.0],"scale":[0.625,0.625,0.625]}}}