{"textures":{"0":"modelengine:entity/boar"},"elements":[{"from":[7.1062856,3.8397713,6.7323427],"to":[8.531886,8.523886,9.583543],"rotation":{"angle":0.0,"axis":"y","origin":[6.291657,3.6361141,6.5286856]},"faces":{"east":{"uv":[11.0,7.125,11.625,8.125],"rotation":0,"texture":"#0","tintindex":0},"south":{"uv":[10.5,13.0,10.75,14.0],"rotation":0,"texture":"#0","tintindex":0},"north":{"uv":[10.125,13.0,10.375,14.0],"rotation":0,"texture":"#0","tintindex":0},"west":{"uv":[10.75,11.0,11.375,12.0],"rotation":0,"texture":"#0","tintindex":0},"up":{"uv":[13.75,13.125,13.5,12.5],"rotation":0,"texture":"#0","tintindex":0},"down":{"uv":[13.875,9.75,13.625,10.375],"rotation":0,"texture":"#0","tintindex":0}}},{"from":[7.0594287,6.08,7.343314],"to":[9.706971,9.338514,10.601829],"rotation":{"angle":-45.0,"axis":"x","origin":[6.291657,6.8946285,8.157943]},"faces":{"east":{"uv":[11.375,0.0,12.125,0.75],"rotation":0,"texture":"#0","tintindex":0},"south":{"uv":[11.875,5.875,12.5,6.625],"rotation":0,"texture":"#0","tintindex":0},"north":{"uv":[11.75,9.5,12.375,10.25],"rotation":0,"texture":"#0","tintindex":0},"west":{"uv":[11.375,4.125,12.125,4.875],"rotation":0,"texture":"#0","tintindex":0},"up":{"uv":[9.375,12.625,8.75,11.875],"rotation":0,"texture":"#0","tintindex":0},"down":{"uv":[12.125,11.875,11.5,12.625],"rotation":0,"texture":"#0","tintindex":0}}}],"display":{"head":{"translation":[0.0,-6.4,0.0],"scale":[4.0,4.0,4.0]}}}