{"textures":{"0":"modelengine:entity/boar"},"elements":[{"from":[7.717257,5.002514,4.590857],"to":[9.550172,9.279314,6.220114],"rotation":{"angle":22.5,"axis":"x","origin":[7.920914,1.5403423,4.3872]},"faces":{"east":{"uv":[10.25,11.125,10.625,12.0],"rotation":0,"texture":"#0","tintindex":0},"south":{"uv":[11.0,12.125,11.375,13.0],"rotation":0,"texture":"#0","tintindex":0},"north":{"uv":[5.75,9.75,6.125,10.625],"rotation":0,"texture":"#0","tintindex":0},"west":{"uv":[12.625,5.75,13.0,6.625],"rotation":0,"texture":"#0","tintindex":0},"up":{"uv":[5.5,14.125,5.125,13.75],"rotation":0,"texture":"#0","tintindex":0},"down":{"uv":[14.125,5.625,13.75,6.0],"rotation":0,"texture":"#0","tintindex":0}}},{"from":[7.3099427,3.9842286,5.4054856],"to":[9.957486,5.002514,7.442057],"rotation":{"angle":0.0,"axis":"y","origin":[7.920914,0.7257142,3.5725713]},"faces":{"east":{"uv":[0.5,14.0,1.0,14.25],"rotation":0,"texture":"#0","tintindex":0},"south":{"uv":[3.625,13.75,4.25,14.0],"rotation":0,"texture":"#0","tintindex":0},"north":{"uv":[13.75,0.875,14.375,1.125],"rotation":0,"texture":"#0","tintindex":0},"west":{"uv":[1.125,14.0,1.625,14.25],"rotation":0,"texture":"#0","tintindex":0},"up":{"uv":[13.375,13.25,12.75,12.75],"rotation":0,"texture":"#0","tintindex":0},"down":{"uv":[0.625,12.875,0.0,13.375],"rotation":0,"texture":"#0","tintindex":0}}},{"from":[7.5136,3.9842286,7.2384],"to":[9.753829,5.002514,9.274971],"rotation":{"angle":-22.5,"axis":"x","origin":[7.920914,0.7257142,5.4054856]},"faces":{"east":{"uv":[14.0,2.0,14.5,2.25],"rotation":0,"texture":"#0","tintindex":0},"south":{"uv":[14.0,2.375,14.5,2.625],"rotation":0,"texture":"#0","tintindex":0},"north":{"uv":[1.75,14.0,2.25,14.25],"rotation":0,"texture":"#0","tintindex":0},"west":{"uv":[14.0,2.75,14.5,3.0],"rotation":0,"texture":"#0","tintindex":0},"up":{"uv":[2.75,13.875,2.25,13.375],"rotation":0,"texture":"#0","tintindex":0},"down":{"uv":[13.875,2.625,13.375,3.125],"rotation":0,"texture":"#0","tintindex":0}}}],"display":{"head":{"translation":[0.0,-6.4,0.0],"scale":[4.0,4.0,4.0]}}}