{"textures":{"0":"modelengine:entity/boar"},"elements":[{"from":[7.3037715,8.597589,7.7191772],"to":[9.747657,10.023189,10.7740345],"rotation":{"angle":45.0,"axis":"x","origin":[8.525714,9.245166,6.9884458]},"faces":{"east":{"uv":[13.625,10.5,14.25,10.75],"rotation":0,"texture":"#0","tintindex":0},"south":{"uv":[13.875,1.625,14.375,1.875],"rotation":0,"texture":"#0","tintindex":0},"north":{"uv":[13.875,1.25,14.375,1.5],"rotation":0,"texture":"#0","tintindex":0},"west":{"uv":[13.625,11.375,14.25,11.625],"rotation":0,"texture":"#0","tintindex":0},"up":{"uv":[13.25,7.375,12.75,6.75],"rotation":0,"texture":"#0","tintindex":0},"down":{"uv":[9.125,12.75,8.625,13.375],"rotation":0,"texture":"#0","tintindex":0}}},{"from":[7.711086,6.5790744,5.0886855],"to":[9.3403425,9.837588,6.7179427],"rotation":{"angle":45.0,"axis":"x","origin":[7.711086,3.0381827,4.6150913]},"faces":{"east":{"uv":[6.5,12.875,6.875,13.625],"rotation":0,"texture":"#0","tintindex":0},"south":{"uv":[13.0,0.0,13.375,0.75],"rotation":0,"texture":"#0","tintindex":0},"north":{"uv":[12.875,2.375,13.25,3.125],"rotation":0,"texture":"#0","tintindex":0},"west":{"uv":[13.0,4.0,13.375,4.75],"rotation":0,"texture":"#0","tintindex":0},"up":{"uv":[14.125,8.25,13.75,7.875],"rotation":0,"texture":"#0","tintindex":0},"down":{"uv":[14.125,8.375,13.75,8.75],"rotation":0,"texture":"#0","tintindex":0}}},{"from":[7.5074286,5.726457,5.5499487],"to":[9.544,7.152057,7.382863],"rotation":{"angle":22.5,"axis":"x","origin":[7.711086,2.2235541,3.8004627]},"faces":{"east":{"uv":[2.375,14.0,2.75,14.25],"rotation":0,"texture":"#0","tintindex":0},"south":{"uv":[13.75,13.625,14.25,13.875],"rotation":0,"texture":"#0","tintindex":0},"north":{"uv":[13.75,13.25,14.25,13.5],"rotation":0,"texture":"#0","tintindex":0},"west":{"uv":[8.0,14.0,8.375,14.25],"rotation":0,"texture":"#0","tintindex":0},"up":{"uv":[14.0,4.25,13.5,3.875],"rotation":0,"texture":"#0","tintindex":0},"down":{"uv":[14.0,4.375,13.5,4.75],"rotation":0,"texture":"#0","tintindex":0}}}],"display":{"head":{"translation":[0.0,-6.4,0.0],"scale":[4.0,4.0,4.0]}}}