{"file_name":"chestlower1","texture_size":[112,112],"textures":{"561e6472-7a0f-8572-ba90-b543dc433a18":"modelengine:entity/itachisusanoarmor"},"elements":[{"name":"cube","from":[6.681035,5.8999996,-5.667761],"to":[10.581036,10.1,-0.86776066],"rotation":{"angle":22.5,"axis":"y","origin":[8.0,8.0,3.9499998]},"faces":{"down":{"uv":[1.6326531,0.0,0.0,2.0408163],"rotation":0,"texture":"#561e6472-7a0f-8572-ba90-b543dc433a18","tintindex":0},"east":{"uv":[0.0,0.0,1.6326531,1.6326531],"rotation":0,"texture":"#561e6472-7a0f-8572-ba90-b543dc433a18","tintindex":0},"north":{"uv":[0.0,0.0,1.8367348,1.8367348],"rotation":0,"texture":"#561e6472-7a0f-8572-ba90-b543dc433a18","tintindex":0},"south":{"uv":[0.0,0.0,1.4285715,1.4285715],"rotation":0,"texture":"#561e6472-7a0f-8572-ba90-b543dc433a18","tintindex":0},"up":{"uv":[0.0,0.0,1.6326531,2.0408163],"rotation":0,"texture":"#561e6472-7a0f-8572-ba90-b543dc433a18","tintindex":0},"west":{"uv":[0.0,0.0,1.6326531,1.6326531],"rotation":0,"texture":"#561e6472-7a0f-8572-ba90-b543dc433a18","tintindex":0}}},{"name":"cube","from":[6.704008,5.8999996,18.923372],"to":[9.104008,10.1,23.123371],"rotation":{"angle":0.0,"axis":"x","origin":[7.9040084,8.0,9.4733715]},"faces":{"down":{"uv":[1.6326531,0.0,0.0,2.0408163],"rotation":0,"texture":"#561e6472-7a0f-8572-ba90-b543dc433a18","tintindex":0},"east":{"uv":[0.0,0.0,1.6326531,1.6326531],"rotation":0,"texture":"#561e6472-7a0f-8572-ba90-b543dc433a18","tintindex":0},"north":{"uv":[0.0,0.0,1.8367348,1.8367348],"rotation":0,"texture":"#561e6472-7a0f-8572-ba90-b543dc433a18","tintindex":0},"south":{"uv":[0.0,0.0,1.4285715,1.4285715],"rotation":0,"texture":"#561e6472-7a0f-8572-ba90-b543dc433a18","tintindex":0},"up":{"uv":[0.0,0.0,1.6326531,2.0408163],"rotation":0,"texture":"#561e6472-7a0f-8572-ba90-b543dc433a18","tintindex":0},"west":{"uv":[0.0,0.0,1.6326531,1.6326531],"rotation":0,"texture":"#561e6472-7a0f-8572-ba90-b543dc433a18","tintindex":0}}},{"name":"cube","from":[13.243006,5.8999996,11.245856],"to":[18.043007,10.1,18.445858],"rotation":{"angle":-22.5,"axis":"y","origin":[7.3689094,8.0,6.6257715]},"faces":{"down":{"uv":[1.6326531,0.0,0.0,2.0408163],"rotation":0,"texture":"#561e6472-7a0f-8572-ba90-b543dc433a18","tintindex":0},"east":{"uv":[0.0,0.0,1.6326531,1.6326531],"rotation":0,"texture":"#561e6472-7a0f-8572-ba90-b543dc433a18","tintindex":0},"north":{"uv":[0.0,0.0,1.8367348,1.8367348],"rotation":0,"texture":"#561e6472-7a0f-8572-ba90-b543dc433a18","tintindex":0},"south":{"uv":[0.0,0.0,1.4285715,1.4285715],"rotation":0,"texture":"#561e6472-7a0f-8572-ba90-b543dc433a18","tintindex":0},"up":{"uv":[0.0,0.0,1.6326531,2.0408163],"rotation":0,"texture":"#561e6472-7a0f-8572-ba90-b543dc433a18","tintindex":0},"west":{"uv":[0.0,0.0,1.6326531,1.6326531],"rotation":0,"texture":"#561e6472-7a0f-8572-ba90-b543dc433a18","tintindex":0}}},{"name":"cube","from":[3.6197104,5.8999996,17.8394],"to":[7.5197105,10.1,22.6394],"rotation":{"angle":22.5,"axis":"y","origin":[7.5784063,8.0,9.095673]},"faces":{"down":{"uv":[1.6326531,0.0,0.0,2.0408163],"rotation":0,"texture":"#561e6472-7a0f-8572-ba90-b543dc433a18","tintindex":0},"east":{"uv":[0.0,0.0,1.6326531,1.6326531],"rotation":0,"texture":"#561e6472-7a0f-8572-ba90-b543dc433a18","tintindex":0},"north":{"uv":[0.0,0.0,1.8367348,1.8367348],"rotation":0,"texture":"#561e6472-7a0f-8572-ba90-b543dc433a18","tintindex":0},"south":{"uv":[0.0,0.0,1.4285715,1.4285715],"rotation":0,"texture":"#561e6472-7a0f-8572-ba90-b543dc433a18","tintindex":0},"up":{"uv":[0.0,0.0,1.6326531,2.0408163],"rotation":0,"texture":"#561e6472-7a0f-8572-ba90-b543dc433a18","tintindex":0},"west":{"uv":[0.0,0.0,1.6326531,1.6326531],"rotation":0,"texture":"#561e6472-7a0f-8572-ba90-b543dc433a18","tintindex":0}}},{"name":"cube","from":[-2.2349896,5.8999996,11.245856],"to":[2.56501,10.1,18.445858],"rotation":{"angle":22.5,"axis":"y","origin":[8.439108,8.0,6.6257715]},"faces":{"down":{"uv":[1.6326531,0.0,0.0,2.0408163],"rotation":0,"texture":"#561e6472-7a0f-8572-ba90-b543dc433a18","tintindex":0},"east":{"uv":[0.0,0.0,1.6326531,1.6326531],"rotation":0,"texture":"#561e6472-7a0f-8572-ba90-b543dc433a18","tintindex":0},"north":{"uv":[0.0,0.0,1.8367348,1.8367348],"rotation":0,"texture":"#561e6472-7a0f-8572-ba90-b543dc433a18","tintindex":0},"south":{"uv":[0.0,0.0,1.4285715,1.4285715],"rotation":0,"texture":"#561e6472-7a0f-8572-ba90-b543dc433a18","tintindex":0},"up":{"uv":[0.0,0.0,1.6326531,2.0408163],"rotation":0,"texture":"#561e6472-7a0f-8572-ba90-b543dc433a18","tintindex":0},"west":{"uv":[0.0,0.0,1.6326531,1.6326531],"rotation":0,"texture":"#561e6472-7a0f-8572-ba90-b543dc433a18","tintindex":0}}},{"name":"cube","from":[8.058696,5.8999996,17.793728],"to":[11.958695,10.1,22.593727],"rotation":{"angle":-22.5,"axis":"y","origin":[8.0,8.0,9.65]},"faces":{"down":{"uv":[1.6326531,0.0,0.0,2.0408163],"rotation":0,"texture":"#561e6472-7a0f-8572-ba90-b543dc433a18","tintindex":0},"east":{"uv":[0.0,0.0,1.6326531,1.6326531],"rotation":0,"texture":"#561e6472-7a0f-8572-ba90-b543dc433a18","tintindex":0},"north":{"uv":[0.0,0.0,1.8367348,1.8367348],"rotation":0,"texture":"#561e6472-7a0f-8572-ba90-b543dc433a18","tintindex":0},"south":{"uv":[0.0,0.0,1.4285715,1.4285715],"rotation":0,"texture":"#561e6472-7a0f-8572-ba90-b543dc433a18","tintindex":0},"up":{"uv":[0.0,0.0,1.6326531,2.0408163],"rotation":0,"texture":"#561e6472-7a0f-8572-ba90-b543dc433a18","tintindex":0},"west":{"uv":[0.0,0.0,1.6326531,1.6326531],"rotation":0,"texture":"#561e6472-7a0f-8572-ba90-b543dc433a18","tintindex":0}}},{"name":"cube","from":[-0.85732985,5.8999996,-1.5198908],"to":[3.9426703,10.1,5.68011],"rotation":{"angle":-22.5,"axis":"y","origin":[8.439108,8.0,6.974228]},"faces":{"down":{"uv":[1.6326531,0.0,0.0,2.0408163],"rotation":0,"texture":"#561e6472-7a0f-8572-ba90-b543dc433a18","tintindex":0},"east":{"uv":[0.0,0.0,1.6326531,1.6326531],"rotation":0,"texture":"#561e6472-7a0f-8572-ba90-b543dc433a18","tintindex":0},"north":{"uv":[0.0,0.0,1.8367348,1.8367348],"rotation":0,"texture":"#561e6472-7a0f-8572-ba90-b543dc433a18","tintindex":0},"south":{"uv":[0.0,0.0,1.4285715,1.4285715],"rotation":0,"texture":"#561e6472-7a0f-8572-ba90-b543dc433a18","tintindex":0},"up":{"uv":[0.0,0.0,1.6326531,2.0408163],"rotation":0,"texture":"#561e6472-7a0f-8572-ba90-b543dc433a18","tintindex":0},"west":{"uv":[0.0,0.0,1.6326531,1.6326531],"rotation":0,"texture":"#561e6472-7a0f-8572-ba90-b543dc433a18","tintindex":0}}},{"name":"cube","from":[5.4189644,5.8999996,-5.667761],"to":[9.318965,10.1,-0.86776066],"rotation":{"angle":-22.5,"axis":"y","origin":[8.0,8.0,3.9499998]},"faces":{"down":{"uv":[1.6326531,0.0,0.0,2.0408163],"rotation":0,"texture":"#561e6472-7a0f-8572-ba90-b543dc433a18","tintindex":0},"east":{"uv":[0.0,0.0,1.6326531,1.6326531],"rotation":0,"texture":"#561e6472-7a0f-8572-ba90-b543dc433a18","tintindex":0},"north":{"uv":[0.0,0.0,1.8367348,1.8367348],"rotation":0,"texture":"#561e6472-7a0f-8572-ba90-b543dc433a18","tintindex":0},"south":{"uv":[0.0,0.0,1.4285715,1.4285715],"rotation":0,"texture":"#561e6472-7a0f-8572-ba90-b543dc433a18","tintindex":0},"up":{"uv":[0.0,0.0,1.6326531,2.0408163],"rotation":0,"texture":"#561e6472-7a0f-8572-ba90-b543dc433a18","tintindex":0},"west":{"uv":[0.0,0.0,1.6326531,1.6326531],"rotation":0,"texture":"#561e6472-7a0f-8572-ba90-b543dc433a18","tintindex":0}}},{"name":"cube","from":[12.057329,5.8999996,-1.5198908],"to":[16.85733,10.1,5.68011],"rotation":{"angle":22.5,"axis":"y","origin":[7.5608926,8.0,6.974228]},"faces":{"down":{"uv":[1.6326531,0.0,0.0,2.0408163],"rotation":0,"texture":"#561e6472-7a0f-8572-ba90-b543dc433a18","tintindex":0},"east":{"uv":[0.0,0.0,1.6326531,1.6326531],"rotation":0,"texture":"#561e6472-7a0f-8572-ba90-b543dc433a18","tintindex":0},"north":{"uv":[0.0,0.0,1.8367348,1.8367348],"rotation":0,"texture":"#561e6472-7a0f-8572-ba90-b543dc433a18","tintindex":0},"south":{"uv":[0.0,0.0,1.4285715,1.4285715],"rotation":0,"texture":"#561e6472-7a0f-8572-ba90-b543dc433a18","tintindex":0},"up":{"uv":[0.0,0.0,1.6326531,2.0408163],"rotation":0,