{"file_name":"head","texture_size":[112,112],"textures":{"561e6472-7a0f-8572-ba90-b543dc433a18":"modelengine:entity/itachisusanoarmor"},"elements":[{"name":"cube","from":[9.8,5.0,4.3999996],"to":[12.2,9.2,15.650001],"rotation":{"angle":0.0,"axis":"x","origin":[8.0,-10.6,8.0]},"faces":{"down":{"uv":[1.6326531,0.0,0.0,2.0408163],"rotation":0,"texture":"#561e6472-7a0f-8572-ba90-b543dc433a18","tintindex":0},"east":{"uv":[0.0,0.0,1.6326531,1.6326531],"rotation":0,"texture":"#561e6472-7a0f-8572-ba90-b543dc433a18","tintindex":0},"north":{"uv":[0.0,0.0,1.8367348,1.8367348],"rotation":0,"texture":"#561e6472-7a0f-8572-ba90-b543dc433a18","tintindex":0},"south":{"uv":[0.0,0.0,1.4285715,1.4285715],"rotation":0,"texture":"#561e6472-7a0f-8572-ba90-b543dc433a18","tintindex":0},"up":{"uv":[0.0,0.0,1.6326531,2.0408163],"rotation":0,"texture":"#561e6472-7a0f-8572-ba90-b543dc433a18","tintindex":0},"west":{"uv":[0.0,0.0,1.6326531,1.6326531],"rotation":0,"texture":"#561e6472-7a0f-8572-ba90-b543dc433a18","tintindex":0}}},{"name":"cube","from":[4.3999996,6.2,13.85],"to":[11.45,9.2,15.650001],"rotation":{"angle":0.0,"axis":"x","origin":[8.0,-10.6,8.0]},"faces":{"down":{"uv":[1.6326531,0.0,0.0,2.0408163],"rotation":0,"texture":"#561e6472-7a0f-8572-ba90-b543dc433a18","tintindex":0},"east":{"uv":[0.0,0.0,1.6326531,1.6326531],"rotation":0,"texture":"#561e6472-7a0f-8572-ba90-b543dc433a18","tintindex":0},"north":{"uv":[0.0,0.0,1.8367348,1.8367348],"rotation":0,"texture":"#561e6472-7a0f-8572-ba90-b543dc433a18","tintindex":0},"south":{"uv":[0.0,0.0,1.4285715,1.4285715],"rotation":0,"texture":"#561e6472-7a0f-8572-ba90-b543dc433a18","tintindex":0},"up":{"uv":[0.0,0.0,1.6326531,2.0408163],"rotation":0,"texture":"#561e6472-7a0f-8572-ba90-b543dc433a18","tintindex":0},"west":{"uv":[0.0,0.0,1.6326531,1.6326531],"rotation":0,"texture":"#561e6472-7a0f-8572-ba90-b543dc433a18","tintindex":0}}},{"name":"cube","from":[4.3999996,6.2,4.3999996],"to":[11.45,9.2,6.2],"rotation":{"angle":0.0,"axis":"x","origin":[8.0,-10.6,8.0]},"faces":{"down":{"uv":[1.6326531,0.0,0.0,2.0408163],"rotation":0,"texture":"#561e6472-7a0f-8572-ba90-b543dc433a18","tintindex":0},"east":{"uv":[0.0,0.0,1.6326531,1.6326531],"rotation":0,"texture":"#561e6472-7a0f-8572-ba90-b543dc433a18","tintindex":0},"north":{"uv":[0.0,0.0,1.8367348,1.8367348],"rotation":0,"texture":"#561e6472-7a0f-8572-ba90-b543dc433a18","tintindex":0},"south":{"uv":[0.0,0.0,1.4285715,1.4285715],"rotation":0,"texture":"#561e6472-7a0f-8572-ba90-b543dc433a18","tintindex":0},"up":{"uv":[0.0,0.0,1.6326531,2.0408163],"rotation":0,"texture":"#561e6472-7a0f-8572-ba90-b543dc433a18","tintindex":0},"west":{"uv":[0.0,0.0,1.6326531,1.6326531],"rotation":0,"texture":"#561e6472-7a0f-8572-ba90-b543dc433a18","tintindex":0}}},{"name":"cube","from":[5.6,8.0,5.6],"to":[9.8,11.6,14.0],"rotation":{"angle":0.0,"axis":"x","origin":[8.0,-10.6,8.0]},"faces":{"down":{"uv":[1.6326531,0.0,0.0,2.0408163],"rotation":0,"texture":"#561e6472-7a0f-8572-ba90-b543dc433a18","tintindex":0},"east":{"uv":[0.14285715,3.2857144,2.0,4.0],"rotation":0,"texture":"#561e6472-7a0f-8572-ba90-b543dc433a18","tintindex":0},"north":{"uv":[0.0,3.5714288,1.1428572,4.4285717],"rotation":0,"texture":"#561e6472-7a0f-8572-ba90-b543dc433a18","tintindex":0},"south":{"uv":[0.0,3.5714288,0.8571429,4.2857146],"rotation":0,"texture":"#561e6472-7a0f-8572-ba90-b543dc433a18","tintindex":0},"up":{"uv":[0.0,0.0,1.6326531,2.0408163],"rotation":0,"texture":"#561e6472-7a0f-8572-ba90-b543dc433a18","tintindex":0},"west":{"uv":[0.0,0.0,1.6326531,1.6326531],"rotation":0,"texture":"#561e6472-7a0f-8572-ba90-b543dc433a18","tintindex":0}}},{"name":"cube","from":[3.1999998,6.2,5.6],"to":[6.2,12.2,14.0],"rotation":{"angle":0.0,"axis":"x","origin":[8.0,-10.6,8.0]},"faces":{"down":{"uv":[1.6326531,0.0,0.0,2.0408163],"rotation":0,"texture":"#561e6472-7a0f-8572-ba90-b543dc433a18","tintindex":0},"east":{"uv":[0.0,0.0,1.6326531,1.6326531],"rotation":0,"texture":"#561e6472-7a0f-8572-ba90-b543dc433a18","tintindex":0},"north":{"uv":[0.0,0.0,1.8367348,1.8367348],"rotation":0,"texture":"#561e6472-7a0f-8572-ba90-b543dc433a18","tintindex":0},"south":{"uv":[0.0,0.0,1.4285715,1.4285715],"rotation":0,"texture":"#561e6472-7a0f-8572-ba90-b543dc433a18","tintindex":0},"up":{"uv":[0.0,0.0,1.6326531,2.0408163],"rotation":0,"texture":"#561e6472-7a0f-8572-ba90-b543dc433a18","tintindex":0},"west":{"uv":[0.0,0.0,1.6326531,1.6326531],"rotation":0,"texture":"#561e6472-7a0f-8572-ba90-b543dc433a18","tintindex":0}}},{"name":"cube","from":[5.45,11.0,5.0],"to":[10.700001,14.6,14.6],"rotation":{"angle":0.0,"axis":"x","origin":[8.0,-10.6,8.0]},"faces":{"down":{"uv":[1.6326531,0.0,0.0,2.0408163],"rotation":0,"texture":"#561e6472-7a0f-8572-ba90-b543dc433a18","tintindex":0},"east":{"uv":[0.0,0.0,1.6326531,1.6326531],"rotation":0,"texture":"#561e6472-7a0f-8572-ba90-b543dc433a18","tintindex":0},"north":{"uv":[0.0,0.0,1.8367348,1.8367348],"rotation":0,"texture":"#561e6472-7a0f-8572-ba90-b543dc433a18","tintindex":0},"south":{"uv":[0.0,0.0,1.4285715,1.4285715],"rotation":0,"texture":"#561e6472-7a0f-8572-ba90-b543dc433a18","tintindex":0},"up":{"uv":[0.0,0.0,1.6326531,2.0408163],"rotation":0,"texture":"#561e6472-7a0f-8572-ba90-b543dc433a18","tintindex":0},"west":{"uv":[0.0,0.0,1.6326531,1.6326531],"rotation":0,"texture":"#561e6472-7a0f-8572-ba90-b543dc433a18","tintindex":0}}},{"name":"cube","from":[-13.150001,7.85,5.0],"to":[-2.8000002,12.05,14.6],"rotation":{"angle":-22.5,"axis":"z","origin":[8.0,-10.6,8.0]},"faces":{"down":{"uv":[0.0,16.0,7.571429,8.285715],"rotation":0,"texture":"#561e6472-7a0f-8572-ba90-b543dc433a18","tintindex":0},"east":{"uv":[1.6326531,1.6326531,0.0,0.0],"rotation":0,"texture":"#561e6472-7a0f-8572-ba90-b543dc433a18","tintindex":0},"north":{"uv":[0.0,16.0,7.571429,8.285715],"rotation":0,"texture":"#561e6472-7a0f-8572-ba90-b543dc433a18","tintindex":0},"south":{"uv":[7.571429,16.0,0.0,8.285715],"rotation":0,"texture":"#561e6472-7a0f-8572-ba90-b543dc433a18","tintindex":0},"up":{"uv":[7.571429,16.0,0.0,8.285715],"rotation":0,"texture":"#561e6472-7a0f-8572-ba90-b543dc433a18","tintindex":0},"west":{"uv":[4.061225,1.6326531,2.4285715,0.0],"rotation":0,"texture":"#561e6472-7a0f-8572-ba90-b543dc433a18","tintindex":0}}}],"display":{"head":{"translation":[0.0,-6.4,0.0],"rotation":[0.0,0.0,0.0],"scale":[3.8095,3.8095,3.8095]},"gui":{"translation":[0.0,0.0,0.0],"rotation":[35.0,225.0,0.0],"scale":[0.625,0.625,0.625]}}}