{"textures":{"0":"modelengine:entity/boar_female"},"elements":[{"from":[7.2099657,6.7038913,8.304468],"to":[9.311708,8.805629,10.406212],"rotation":{"angle":-45.0,"axis":"x","origin":[6.865966,6.2835426,8.304468]},"faces":{"east":{"uv":[11.125,9.5,11.625,10.0],"rotation":0,"texture":"#0","tintindex":0},"south":{"uv":[11.75,10.375,12.25,10.875],"rotation":0,"texture":"#0","tintindex":0},"north":{"uv":[6.625,7.625,7.125,8.125],"rotation":0,"texture":"#0","tintindex":0},"west":{"uv":[13.0,10.375,13.5,10.875],"rotation":0,"texture":"#0","tintindex":0},"up":{"uv":[13.5,12.375,13.0,11.875],"rotation":0,"texture":"#0","tintindex":0},"down":{"uv":[13.625,4.875,13.125,5.375],"rotation":0,"texture":"#0","tintindex":0}}},{"from":[7.216257,4.713526,7.078451],"to":[8.967709,8.38528,8.829903],"rotation":{"angle":0.0,"axis":"y","origin":[9.493143,4.1818,6.9033084]},"faces":{"east":{"uv":[12.5,7.875,13.0,8.75],"rotation":0,"texture":"#0","tintindex":0},"south":{"uv":[8.0,12.5,8.5,13.375],"rotation":0,"texture":"#0","tintindex":0},"north":{"uv":[7.375,12.5,7.875,13.375],"rotation":0,"texture":"#0","tintindex":0},"west":{"uv":[12.5,8.875,13.0,9.75],"rotation":0,"texture":"#0","tintindex":0},"up":{"uv":[1.25,13.875,0.75,13.375],"rotation":0,"texture":"#0","tintindex":0},"down":{"uv":[13.875,2.0,13.375,2.5],"rotation":0,"texture":"#0","tintindex":0}}}],"display":{"head":{"translation":[0.0,-6.4,0.0],"scale":[4.0,4.0,4.0]}}}