{"textures":{"0":"modelengine:entity/boar_female"},"elements":[{"from":[7.561246,8.434063,7.6960344],"to":[9.662989,9.66008,10.323212],"rotation":{"angle":45.0,"axis":"x","origin":[8.612114,8.990983,7.0676055]},"faces":{"east":{"uv":[13.625,10.5,14.25,10.75],"rotation":0,"texture":"#0","tintindex":0},"south":{"uv":[13.875,1.625,14.375,1.875],"rotation":0,"texture":"#0","tintindex":0},"north":{"uv":[13.875,1.25,14.375,1.5],"rotation":0,"texture":"#0","tintindex":0},"west":{"uv":[13.625,11.375,14.25,11.625],"rotation":0,"texture":"#0","tintindex":0},"up":{"uv":[13.25,7.375,12.75,6.75],"rotation":0,"texture":"#0","tintindex":0},"down":{"uv":[9.125,12.75,8.625,13.375],"rotation":0,"texture":"#0","tintindex":0}}},{"from":[7.911537,6.698143,5.433811],"to":[9.312697,9.500463,6.8349714],"rotation":{"angle":45.0,"axis":"x","origin":[7.911537,3.652977,5.02652]},"faces":{"east":{"uv":[6.5,12.875,6.875,13.625],"rotation":0,"texture":"#0","tintindex":0},"south":{"uv":[13.0,0.0,13.375,0.75],"rotation":0,"texture":"#0","tintindex":0},"north":{"uv":[12.875,2.375,13.25,3.125],"rotation":0,"texture":"#0","tintindex":0},"west":{"uv":[13.0,4.0,13.375,4.75],"rotation":0,"texture":"#0","tintindex":0},"up":{"uv":[14.125,8.25,13.75,7.875],"rotation":0,"texture":"#0","tintindex":0},"down":{"uv":[14.125,8.375,13.75,8.75],"rotation":0,"texture":"#0","tintindex":0}}},{"from":[7.7363887,5.964897,5.830497],"to":[9.48784,7.190914,7.4068055],"rotation":{"angle":22.5,"axis":"x","origin":[7.911537,2.9524002,4.325943]},"faces":{"east":{"uv":[2.375,14.0,2.75,14.25],"rotation":0,"texture":"#0","tintindex":0},"south":{"uv":[13.75,13.625,14.25,13.875],"rotation":0,"texture":"#0","tintindex":0},"north":{"uv":[13.75,13.25,14.25,13.5],"rotation":0,"texture":"#0","tintindex":0},"west":{"uv":[8.0,14.0,8.375,14.25],"rotation":0,"texture":"#0","tintindex":0},"up":{"uv":[14.0,4.25,13.5,3.875],"rotation":0,"texture":"#0","tintindex":0},"down":{"uv":[14.0,4.375,13.5,4.75],"rotation":0,"texture":"#0","tintindex":0}}}],"display":{"head":{"translation":[0.0,-6.4,0.0],"scale":[4.0,4.0,4.0]}}}