{"textures":{"0":"modelengine:entity/boar_female"},"elements":[{"from":[7.91684,5.725017,5.148137],"to":[9.493149,9.403063,6.5492973],"rotation":{"angle":22.5,"axis":"x","origin":[8.091989,2.7475486,4.9729943]},"faces":{"east":{"uv":[10.25,11.125,10.625,12.0],"rotation":0,"texture":"#0","tintindex":0},"south":{"uv":[11.0,12.125,11.375,13.0],"rotation":0,"texture":"#0","tintindex":0},"north":{"uv":[5.75,9.75,6.125,10.625],"rotation":0,"texture":"#0","tintindex":0},"west":{"uv":[12.625,5.75,13.0,6.625],"rotation":0,"texture":"#0","tintindex":0},"up":{"uv":[5.5,14.125,5.125,13.75],"rotation":0,"texture":"#0","tintindex":0},"down":{"uv":[14.125,5.625,13.75,6.0],"rotation":0,"texture":"#0","tintindex":0}}},{"from":[7.5665483,4.8492913,5.8487196],"to":[9.84344,5.725017,7.6001716],"rotation":{"angle":0.0,"axis":"y","origin":[8.091989,2.0469713,4.2724113]},"faces":{"east":{"uv":[0.5,14.0,1.0,14.25],"rotation":0,"texture":"#0","tintindex":0},"south":{"uv":[3.625,13.75,4.25,14.0],"rotation":0,"texture":"#0","tintindex":0},"north":{"uv":[13.75,0.875,14.375,1.125],"rotation":0,"texture":"#0","tintindex":0},"west":{"uv":[1.125,14.0,1.625,14.25],"rotation":0,"texture":"#0","tintindex":0},"up":{"uv":[13.375,13.25,12.75,12.75],"rotation":0,"texture":"#0","tintindex":0},"down":{"uv":[0.625,12.875,0.0,13.375],"rotation":0,"texture":"#0","tintindex":0}}},{"from":[7.7416973,4.8492913,7.425023],"to":[9.668291,5.725017,9.176475],"rotation":{"angle":-22.5,"axis":"x","origin":[8.091989,2.0469713,5.8487196]},"faces":{"east":{"uv":[14.0,2.0,14.5,2.25],"rotation":0,"texture":"#0","tintindex":0},"south":{"uv":[14.0,2.375,14.5,2.625],"rotation":0,"texture":"#0","tintindex":0},"north":{"uv":[1.75,14.0,2.25,14.25],"rotation":0,"texture":"#0","tintindex":0},"west":{"uv":[14.0,2.75,14.5,3.0],"rotation":0,"texture":"#0","tintindex":0},"up":{"uv":[2.75,13.875,2.25,13.375],"rotation":0,"texture":"#0","tintindex":0},"down":{"uv":[13.875,2.625,13.375,3.125],"rotation":0,"texture":"#0","tintindex":0}}}],"display":{"head":{"translation":[0.0,-6.4,0.0],"scale":[4.0,4.0,4.0]}}}