{"textures":{"0":"modelengine:entity/boar_female"},"elements":[{"from":[8.16,4.3213425,6.4755316],"to":[9.386017,8.524829,8.92756],"rotation":{"angle":0.0,"axis":"y","origin":[7.459423,4.3213425,6.3003826]},"faces":{"east":{"uv":[4.25,10.5,4.875,11.625],"rotation":0,"texture":"#0","tintindex":0},"south":{"uv":[7.0,12.875,7.25,14.0],"rotation":0,"texture":"#0","tintindex":0},"north":{"uv":[5.375,12.5,5.625,13.625],"rotation":0,"texture":"#0","tintindex":0},"west":{"uv":[5.0,10.5,5.625,11.625],"rotation":0,"texture":"#0","tintindex":0},"up":{"uv":[3.125,14.375,2.875,13.75],"rotation":0,"texture":"#0","tintindex":0},"down":{"uv":[3.5,13.75,3.25,14.375],"rotation":0,"texture":"#0","tintindex":0}}},{"from":[7.121714,6.4230857,7.0009656],"to":[9.3986,9.225411,9.803286],"rotation":{"angle":-45.0,"axis":"x","origin":[7.984857,7.1236687,7.7015486]},"faces":{"east":{"uv":[11.375,5.0,12.125,5.75],"rotation":0,"texture":"#0","tintindex":0},"south":{"uv":[12.0,1.75,12.625,2.5],"rotation":0,"texture":"#0","tintindex":0},"north":{"uv":[0.0,12.0,0.625,12.75],"rotation":0,"texture":"#0","tintindex":0},"west":{"uv":[5.75,11.5,6.5,12.25],"rotation":0,"texture":"#0","tintindex":0},"up":{"uv":[7.25,12.75,6.625,12.0],"rotation":0,"texture":"#0","tintindex":0},"down":{"uv":[10.875,12.125,10.25,12.875],"rotation":0,"texture":"#0","tintindex":0}}}],"display":{"head":{"translation":[0.0,-6.4,0.0],"scale":[4.0,4.0,4.0]}}}