{"textures":{"0":"modelengine:entity/boar_female"},"elements":[{"from":[7.7363887,5.842977,6.0012684],"to":[9.48784,7.0689945,7.5775714],"rotation":{"angle":22.5,"axis":"x","origin":[2.6571827,2.8304796,4.4967084]},"faces":{"east":{"uv":[8.5,14.0,8.875,14.25],"rotation":0,"texture":"#0","tintindex":0},"south":{"uv":[13.875,12.875,14.375,13.125],"rotation":0,"texture":"#0","tintindex":0},"north":{"uv":[13.875,12.5,14.375,12.75],"rotation":0,"texture":"#0","tintindex":0},"west":{"uv":[14.0,9.75,14.375,10.0],"rotation":0,"texture":"#0","tintindex":0},"up":{"uv":[5.0,13.875,4.5,13.5],"rotation":0,"texture":"#0","tintindex":0},"down":{"uv":[7.875,13.5,7.375,13.875],"rotation":0,"texture":"#0","tintindex":0}}},{"from":[7.911537,6.6306515,5.362406],"to":[9.312697,9.257829,6.7635713],"rotation":{"angle":45.0,"axis":"x","origin":[9.312697,3.4773655,5.116931]},"faces":{"east":{"uv":[12.75,13.375,13.125,14.0],"rotation":0,"texture":"#0","tintindex":0},"south":{"uv":[13.25,13.375,13.625,14.0],"rotation":0,"texture":"#0","tintindex":0},"north":{"uv":[9.25,13.375,9.625,14.0],"rotation":0,"texture":"#0","tintindex":0},"west":{"uv":[0.0,13.5,0.375,14.125],"rotation":0,"texture":"#0","tintindex":0},"up":{"uv":[14.125,9.25,13.75,8.875],"rotation":0,"texture":"#0","tintindex":0},"down":{"uv":[11.25,13.75,10.875,14.125],"rotation":0,"texture":"#0","tintindex":0}}},{"from":[7.561246,8.230692,7.8801312],"to":[9.662989,9.456709,10.507309],"rotation":{"angle":45.0,"axis":"x","origin":[3.0074682,8.949417,7.18468]},"faces":{"east":{"uv":[13.625,11.75,14.25,12.0],"rotation":0,"texture":"#0","tintindex":0},"south":{"uv":[13.875,10.875,14.375,11.125],"rotation":0,"texture":"#0","tintindex":0},"north":{"uv":[5.625,13.875,6.125,14.125],"rotation":0,"texture":"#0","tintindex":0},"west":{"uv":[13.625,12.125,14.25,12.375],"rotation":0,"texture":"#0","tintindex":0},"up":{"uv":[12.0,13.375,11.5,12.75],"rotation":0,"texture":"#0","tintindex":0},"down":{"uv":[12.625,12.75,12.125,13.375],"rotation":0,"texture":"#0","tintindex":0}}}],"display":{"head":{"translation":[0.0,-6.4,0.0],"scale":[4.0,4.0,4.0]}}}