{"textures":{"0":"modelengine:entity/boar_female"},"elements":[{"from":[7.413703,4.542097,7.24988],"to":[9.165154,8.213851,9.001331],"rotation":{"angle":0.0,"axis":"y","origin":[9.690589,4.010371,7.074737]},"faces":{"east":{"uv":[12.375,10.375,12.875,11.25],"rotation":0,"texture":"#0","tintindex":0},"south":{"uv":[1.625,12.5,2.125,13.375],"rotation":0,"texture":"#0","tintindex":0},"north":{"uv":[9.5,12.375,10.0,13.25],"rotation":0,"texture":"#0","tintindex":0},"west":{"uv":[4.75,12.5,5.25,13.375],"rotation":0,"texture":"#0","tintindex":0},"up":{"uv":[13.75,1.875,13.25,1.375],"rotation":0,"texture":"#0","tintindex":0},"down":{"uv":[6.25,13.25,5.75,13.75],"rotation":0,"texture":"#0","tintindex":0}}},{"from":[7.0697026,6.5324626,8.475897],"to":[9.171446,8.6342,10.577641],"rotation":{"angle":-45.0,"axis":"x","origin":[9.515446,6.112114,8.475897]},"faces":{"east":{"uv":[13.125,6.125,13.625,6.625],"rotation":0,"texture":"#0","tintindex":0},"south":{"uv":[13.125,7.875,13.625,8.375],"rotation":0,"texture":"#0","tintindex":0},"north":{"uv":[13.125,5.5,13.625,6.0],"rotation":0,"texture":"#0","tintindex":0},"west":{"uv":[13.125,8.5,13.625,9.0],"rotation":0,"texture":"#0","tintindex":0},"up":{"uv":[13.625,9.625,13.125,9.125],"rotation":0,"texture":"#0","tintindex":0},"down":{"uv":[11.375,13.125,10.875,13.625],"rotation":0,"texture":"#0","tintindex":0}}}],"display":{"head":{"translation":[0.0,-6.4,0.0],"scale":[4.0,4.0,4.0]}}}