{"textures":{"0":"modelengine:entity/zabuza"},"elements":[{"from":[7.702857,1.4742856,7.8285713],"to":[8.731428,7.245714,8.857143],"rotation":{"angle":0.0,"axis":"y","origin":[5.2,8.914286,7.3142858]},"faces":{"east":{"uv":[6.875,11.25,7.125,12.5],"rotation":0,"texture":"#0","tintindex":0},"south":{"uv":[1.25,11.375,1.5,12.625],"rotation":0,"texture":"#0","tintindex":0},"north":{"uv":[7.625,10.875,7.875,12.125],"rotation":0,"texture":"#0","tintindex":0},"west":{"uv":[1.5,11.375,1.75,12.625],"rotation":0,"texture":"#0","tintindex":0},"up":{"uv":[7.875,13.0,7.625,12.75],"rotation":0,"texture":"#0","tintindex":0},"down":{"uv":[13.0,7.625,12.75,7.875],"rotation":0,"texture":"#0","tintindex":0}}},{"from":[7.5314283,4.217143,7.3428574],"to":[8.217143,7.96,8.342857],"rotation":{"angle":0.0,"axis":"y","origin":[5.2,8.914286,7.3142858]},"faces":{"east":{"uv":[8.125,0.0,8.375,0.875],"rotation":0,"texture":"#0","tintindex":0},"south":{"uv":[11.0,12.5,11.125,13.375],"rotation":0,"texture":"#0","tintindex":0},"north":{"uv":[5.5,9.625,5.625,10.5],"rotation":0,"texture":"#0","tintindex":0},"west":{"uv":[11.875,6.375,12.125,7.25],"rotation":0,"texture":"#0","tintindex":0},"up":{"uv":[12.625,2.375,12.5,2.125],"rotation":0,"texture":"#0","tintindex":0},"down":{"uv":[12.625,9.5,12.5,9.75],"rotation":0,"texture":"#0","tintindex":0}}}],"display":{"head":{"translation":[0.0,-6.4,0.0],"scale":[4.0,4.0,4.0]}}}