{"textures":{"0":"modelengine:entity/zabuza"},"elements":[{"from":[3.2857141,7.0,7.2],"to":[5.2,9.4,9.057143],"rotation":{"angle":-22.5,"axis":"z","origin":[2.8571424,-2.514286,6.9142857]},"faces":{"east":{"uv":[5.625,12.0,6.0,12.5],"rotation":0,"texture":"#0","tintindex":0},"south":{"uv":[6.0,12.0,6.375,12.5],"rotation":0,"texture":"#0","tintindex":0},"north":{"uv":[12.0,4.125,12.375,4.625],"rotation":0,"texture":"#0","tintindex":0},"west":{"uv":[8.625,12.0,9.0,12.5],"rotation":0,"texture":"#0","tintindex":0},"up":{"uv":[0.375,12.75,0.0,12.375],"rotation":0,"texture":"#0","tintindex":0},"down":{"uv":[0.75,12.375,0.375,12.75],"rotation":0,"texture":"#0","tintindex":0}}},{"from":[6.7548957,6.265842,6.457143],"to":[7.64061,7.865842,7.028571],"rotation":{"angle":-22.5,"axis":"x","origin":[7.428571,7.7714286,6.9142857]},"faces":{"east":{"uv":[12.875,10.375,13.0,10.75],"rotation":0,"texture":"#0","tintindex":0},"south":{"uv":[0.5,12.75,0.75,13.125],"rotation":0,"texture":"#0","tintindex":0},"north":{"uv":[0.25,12.75,0.5,13.125],"rotation":0,"texture":"#0","tintindex":0},"west":{"uv":[12.875,10.75,13.0,11.125],"rotation":0,"texture":"#0","tintindex":0},"up":{"uv":[10.125,13.125,9.875,13.0],"rotation":0,"texture":"#0","tintindex":0},"down":{"uv":[13.25,10.0,13.0,10.125],"rotation":0,"texture":"#0","tintindex":0}}},{"from":[7.0406103,7.3515563,6.857143],"to":[7.9263244,8.494413,7.428571],"rotation":{"angle":22.5,"axis":"x","origin":[7.428571,7.7714286,6.9142857]},"faces":{"east":{"uv":[10.125,13.0,10.25,13.25],"rotation":0,"texture":"#0","tintindex":0},"south":{"uv":[12.75,8.375,13.0,8.625],"rotation":0,"texture":"#0","tintindex":0},"north":{"uv":[8.25,12.75,8.5,13.0],"rotation":0,"texture":"#0","tintindex":0},"west":{"uv":[13.0,10.125,13.125,10.375],"rotation":0,"texture":"#0","tintindex":0},"up":{"uv":[10.625,13.125,10.375,13.0],"rotation":0,"texture":"#0","tintindex":0},"down":{"uv":[13.25,10.375,13.0,10.5],"rotation":0,"texture":"#0","tintindex":0}}}],"display":{"head":{"translation":[0.0,-6.4,0.0],"scale":[4.0,4.0,4.0]}}}