{"textures":{"0":"modelengine:entity/zabuza"},"elements":[{"from":[7.857143,5.542857,7.6],"to":[10.142858,9.4,10.028572],"rotation":{"angle":22.5,"axis":"z","origin":[8.571428,8.0,7.028571]},"faces":{"east":{"uv":[10.0,10.625,9.5,11.5],"rotation":0,"texture":"#0","tintindex":0},"south":{"uv":[9.5,10.625,9.0,11.5],"rotation":0,"texture":"#0","tintindex":0},"north":{"uv":[4.25,10.625,3.75,11.5],"rotation":0,"texture":"#0","tintindex":0},"west":{"uv":[4.75,10.625,4.25,11.5],"rotation":0,"texture":"#0","tintindex":0},"up":{"uv":[9.5,12.0,10.0,11.5],"rotation":0,"texture":"#0","tintindex":0},"down":{"uv":[11.625,0.625,12.125,1.125],"rotation":0,"texture":"#0","tintindex":0}}},{"from":[7.857143,2.1142855,7.028571],"to":[9.714286,8.542857,9.885715],"rotation":{"angle":0.0,"axis":"y","origin":[4.0,-13.714287,7.028571]},"faces":{"east":{"uv":[7.125,7.25,6.5,8.625],"rotation":0,"texture":"#0","tintindex":0},"south":{"uv":[10.375,2.625,10.0,4.0],"rotation":0,"texture":"#0","tintindex":0},"north":{"uv":[7.25,9.875,6.875,11.25],"rotation":0,"texture":"#0","tintindex":0},"west":{"uv":[7.875,3.875,7.25,5.25],"rotation":0,"texture":"#0","tintindex":0},"up":{"uv":[6.125,8.625,6.5,8.0],"rotation":0,"texture":"#0","tintindex":0},"down":{"uv":[11.625,4.125,12.0,4.75],"rotation":0,"texture":"#0","tintindex":0}}},{"from":[6.285714,5.1142855,7.457143],"to":[8.571428,8.971429,9.885715],"rotation":{"angle":22.5,"axis":"z","origin":[8.571428,8.0,7.028571]},"faces":{"east":{"uv":[10.0,10.625,9.5,11.5],"rotation":0,"texture":"#0","tintindex":0},"south":{"uv":[9.5,10.625,9.0,11.5],"rotation":0,"texture":"#0","tintindex":0},"north":{"uv":[4.25,10.625,3.75,11.5],"rotation":0,"texture":"#0","tintindex":0},"west":{"uv":[4.75,10.625,4.25,11.5],"rotation":0,"texture":"#0","tintindex":0},"up":{"uv":[9.5,12.0,10.0,11.5],"rotation":0,"texture":"#0","tintindex":0},"down":{"uv":[11.625,0.625,12.125,1.125],"rotation":0,"texture":"#0","tintindex":0}}},{"from":[1.5714283,4.8285713,7.3142858],"to":[2.2857141,7.257143,9.314285],"rotation":{"angle":-22.5,"axis":"z","origin":[4.0,-13.714287,7.028571]},"faces":{"east":{"uv":[2.125,12.0,1.75,12.5],"rotation":0,"texture":"#0","tintindex":0},"south":{"uv":[11.375,11.5,11.25,12.0],"rotation":0,"texture":"#0","tintindex":0},"north":{"uv":[8.25,11.375,8.125,11.875],"rotation":0,"texture":"#0","tintindex":0},"west":{"uv":[9.375,2.0,9.0,2.5],"rotation":0,"texture":"#0","tintindex":0},"up":{"uv":[10.25,13.125,10.375,12.75],"rotation":0,"texture":"#0","tintindex":0},"down":{"uv":[11.75,12.75,11.875,13.125],"rotation":0,"texture":"#0","tintindex":0}}},{"from":[9.714286,2.1142855,7.6],"to":[10.142858,5.542857,9.028571],"rotation":{"angle":0.0,"axis":"y","origin":[4.0,-13.714287,7.028571]},"faces":{"east":{"uv":[1.0,12.0,0.75,12.75],"rotation":0,"texture":"#0","tintindex":0},"south":{"uv":[5.375,11.375,5.25,12.125],"rotation":0,"texture":"#0","tintindex":0},"north":{"uv":[4.875,10.625,4.75,11.375],"rotation":0,"texture":"#0","tintindex":0},"west":{"uv":[7.75,8.625,7.5,9.375],"rotation":0,"texture":"#0","tintindex":0},"up":{"uv":[7.0,13.25,7.125,13.0],"rotation":0,"texture":"#0","tintindex":0},"down":{"uv":[13.0,9.375,13.125,9.625],"rotation":0,"texture":"#0","tintindex":0}}},{"from":[8.142858,2.9714284,9.885715],"to":[9.571428,6.6857142,10.457143],"rotation":{"angle":0.0,"axis":"y","origin":[4.0,-13.714287,7.028571]},"faces":{"east":{"uv":[1.625,12.625,1.5,13.5],"rotation":0,"texture":"#0","tintindex":0},"south":{"uv":[11.625,3.125,11.25,4.0],"rotation":0,"texture":"#0","tintindex":0},"north":{"uv":[7.875,3.0,7.5,3.875],"rotation":0,"texture":"#0","tintindex":0},"west":{"uv":[1.5,12.625,1.375,13.5],"rotation":0,"texture":"#0","tintindex":0},"up":{"uv":[10.0,5.875,10.375,5.75],"rotation":0,"texture":"#0","tintindex":0},"down":{"uv":[10.375,5.0,10.75,5.125],"rotation":0,"texture":"#0","tintindex":0}}}],"display":{"head":{"translation":[0.0,-6.4,0.0],"scale":[4.0,4.0,4.0]}}}