{"textures":{"0":"modelengine:entity/zabuza"},"elements":[{"from":[6.142857,1.7142854,7.142857],"to":[9.514286,8.428572,9.571428],"rotation":{"angle":0.0,"axis":"y","origin":[5.714286,-6.285715,8.0]},"faces":{"east":{"uv":[5.625,8.0,6.125,9.5],"rotation":0,"texture":"#0","tintindex":0},"south":{"uv":[4.375,5.375,5.125,6.875],"rotation":0,"texture":"#0","tintindex":0},"north":{"uv":[5.375,0.0,6.125,1.5],"rotation":0,"texture":"#0","tintindex":0},"west":{"uv":[0.0,8.125,0.5,9.625],"rotation":0,"texture":"#0","tintindex":0},"up":{"uv":[11.625,2.125,10.875,1.625],"rotation":0,"texture":"#0","tintindex":0},"down":{"uv":[11.75,8.0,11.0,8.5],"rotation":0,"texture":"#0","tintindex":0}}},{"from":[6.714286,2.1714282,6.4],"to":[8.942857,7.857143,7.1142855],"rotation":{"angle":0.0,"axis":"y","origin":[5.714286,-6.285715,8.0]},"faces":{"east":{"uv":[4.625,11.5,4.75,12.75],"rotation":0,"texture":"#0","tintindex":0},"south":{"uv":[9.25,6.375,9.75,7.625],"rotation":0,"texture":"#0","tintindex":0},"north":{"uv":[9.125,0.625,9.625,1.875],"rotation":0,"texture":"#0","tintindex":0},"west":{"uv":[6.75,11.875,6.875,13.125],"rotation":0,"texture":"#0","tintindex":0},"up":{"uv":[13.375,2.5,12.875,2.375],"rotation":0,"texture":"#0","tintindex":0},"down":{"uv":[4.625,12.875,4.125,13.0],"rotation":0,"texture":"#0","tintindex":0}}},{"from":[7.142857,3.4285712,9.571428],"to":[9.0,7.857143,10.571428],"rotation":{"angle":0.0,"axis":"y","origin":[5.714286,6.857143,9.142858]},"faces":{"east":{"uv":[11.625,8.5,11.875,9.5],"rotation":0,"texture":"#0","tintindex":0},"south":{"uv":[8.625,11.0,9.0,12.0],"rotation":0,"texture":"#0","tintindex":0},"north":{"uv":[11.0,8.5,11.375,9.5],"rotation":0,"texture":"#0","tintindex":0},"west":{"uv":[11.625,10.75,11.875,11.75],"rotation":0,"texture":"#0","tintindex":0},"up":{"uv":[13.125,3.0,12.75,2.75],"rotation":0,"texture":"#0","tintindex":0},"down":{"uv":[13.125,3.0,12.75,3.25],"rotation":0,"texture":"#0","tintindex":0}}},{"from":[7.257143,1.6571422,9.571428],"to":[8.885715,3.4571428,10.228572],"rotation":{"angle":0.0,"axis":"y","origin":[5.714286,6.857143,9.142858]},"faces":{"east":{"uv":[4.375,13.0,4.5,13.375],"rotation":0,"texture":"#0","tintindex":0},"south":{"uv":[12.375,8.5,12.75,8.875],"rotation":0,"texture":"#0","tintindex":0},"north":{"uv":[12.375,8.125,12.75,8.5],"rotation":0,"texture":"#0","tintindex":0},"west":{"uv":[4.5,13.0,4.625,13.375],"rotation":0,"texture":"#0","tintindex":0},"up":{"uv":[13.375,5.25,13.0,5.125],"rotation":0,"texture":"#0","tintindex":0},"down":{"uv":[13.375,5.25,13.0,5.375],"rotation":0,"texture":"#0","tintindex":0}}},{"from":[8.714286,3.142857,7.5714283],"to":[9.828571,8.857143,9.142858],"rotation":{"angle":0.0,"axis":"y","origin":[5.714286,-6.285715,8.0]},"faces":{"east":{"uv":[0.375,10.5,0.75,11.75],"rotation":0,"texture":"#0","tintindex":0},"south":{"uv":[11.375,10.75,11.625,12.0],"rotation":0,"texture":"#0","tintindex":0},"north":{"uv":[10.75,11.375,11.0,12.625],"rotation":0,"texture":"#0","tintindex":0},"west":{"uv":[10.5,0.625,10.875,1.875],"rotation":0,"texture":"#0","tintindex":0},"up":{"uv":[1.25,13.125,1.0,12.75],"rotation":0,"texture":"#0","tintindex":0},"down":{"uv":[2.375,12.75,2.125,13.125],"rotation":0,"texture":"#0","tintindex":0}}}],"display":{"head":{"translation":[0.0,-6.4,0.0],"scale":[4.0,4.0,4.0]}}}