{"textures":{"0":"modelengine:entity/zabuza"},"elements":[{"from":[6.702857,13.571428,6.5142856],"to":[8.011429,16.228573,6.857143],"rotation":{"angle":22.5,"axis":"z","origin":[6.8685713,12.571428,8.0]},"faces":{"east":{"uv":[1.875,9.625,2.0,10.25],"rotation":0,"texture":"#0","tintindex":0},"south":{"uv":[11.25,12.0,11.5,12.625],"rotation":0,"texture":"#0","tintindex":0},"north":{"uv":[10.375,12.0,10.625,12.625],"rotation":0,"texture":"#0","tintindex":0},"west":{"uv":[7.125,11.25,7.25,11.875],"rotation":0,"texture":"#0","tintindex":0},"up":{"uv":[13.25,8.125,13.0,8.0],"rotation":0,"texture":"#0","tintindex":0},"down":{"uv":[13.25,8.125,13.0,8.25],"rotation":0,"texture":"#0","tintindex":0}}},{"from":[7.9885716,13.571428,6.5142856],"to":[9.297143,16.228573,6.857143],"rotation":{"angle":-22.5,"axis":"z","origin":[9.131429,12.571428,8.0]},"faces":{"east":{"uv":[4.625,12.75,4.75,13.375],"rotation":0,"texture":"#0","tintindex":0},"south":{"uv":[12.125,3.0,12.375,3.625],"rotation":0,"texture":"#0","tintindex":0},"north":{"uv":[12.125,1.125,12.375,1.75],"rotation":0,"texture":"#0","tintindex":0},"west":{"uv":[12.75,4.875,12.875,5.5],"rotation":0,"texture":"#0","tintindex":0},"up":{"uv":[8.5,13.125,8.25,13.0],"rotation":0,"texture":"#0","tintindex":0},"down":{"uv":[13.25,8.375,13.0,8.5],"rotation":0,"texture":"#0","tintindex":0}}},{"from":[3.9885712,11.142858,6.8],"to":[12.011429,15.942858,10.571428],"rotation":{"angle":0.0,"axis":"y","origin":[6.8685713,-6.8571434,8.0]},"faces":{"east":{"uv":[6.75,1.0,7.625,2.0],"rotation":0,"texture":"#0","tintindex":0},"south":{"uv":[1.75,2.25,3.5,3.25],"rotation":0,"texture":"#0","tintindex":0},"north":{"uv":[0.0,2.25,1.75,3.25],"rotation":0,"texture":"#0","tintindex":0},"west":{"uv":[3.375,6.75,4.25,7.75],"rotation":0,"texture":"#0","tintindex":0},"up":{"uv":[5.375,0.875,3.625,0.0],"rotation":0,"texture":"#0","tintindex":0},"down":{"uv":[5.375,0.875,3.625,1.75],"rotation":0,"texture":"#0","tintindex":0}}},{"from":[4.142857,11.142858,10.571428],"to":[11.857143,15.085714,11.257143],"rotation":{"angle":0.0,"axis":"y","origin":[6.885714,-6.8571434,8.0]},"faces":{"east":{"uv":[11.125,12.5,11.25,13.375],"rotation":0,"texture":"#0","tintindex":0},"south":{"uv":[1.75,4.25,3.5,5.125],"rotation":0,"texture":"#0","tintindex":0},"north":{"uv":[0.0,4.25,1.75,5.125],"rotation":0,"texture":"#0","tintindex":0},"west":{"uv":[1.25,12.625,1.375,13.5],"rotation":0,"texture":"#0","tintindex":0},"up":{"uv":[8.5,2.5,6.75,2.375],"rotation":0,"texture":"#0","tintindex":0},"down":{"uv":[13.375,4.75,11.625,4.875],"rotation":0,"texture":"#0","tintindex":0}}},{"from":[4.3999996,10.285714,6.3885713],"to":[11.6,15.085714,9.748571],"rotation":{"angle":-22.5,"axis":"x","origin":[6.937143,12.342857,8.0]},"faces":{"east":{"uv":[7.625,0.875,8.375,1.875],"rotation":0,"texture":"#0","tintindex":0},"south":{"uv":[1.625,3.25,3.25,4.25],"rotation":0,"texture":"#0","tintindex":0},"north":{"uv":[0.0,3.25,1.625,4.25],"rotation":0,"texture":"#0","tintindex":0},"west":{"uv":[7.75,6.875,8.5,7.875],"rotation":0,"texture":"#0","tintindex":0},"up":{"uv":[2.875,5.875,1.25,5.125],"rotation":0,"texture":"#0","tintindex":0},"down":{"uv":[6.75,1.75,5.125,2.5],"rotation":0,"texture":"#0","tintindex":0}}},{"from":[8.257143,12.428572,6.0742855],"to":[9.457143,15.085714,6.4342856],"rotation":{"angle":-22.5,"axis":"x","origin":[6.937143,12.342857,8.0]},"faces":{"east":{"uv":[5.25,12.75,5.375,13.375],"rotation":0,"texture":"#0","tintindex":0},"south":{"uv":[12.125,6.375,12.375,7.0],"rotation":0,"texture":"#0","tintindex":0},"north":{"uv":[5.25,12.125,5.5,12.75],"rotation":0,"texture":"#0","tintindex":0},"west":{"uv":[5.375,12.75,5.5,13.375],"rotation":0,"texture":"#0","tintindex":0},"up":{"uv":[13.25,8.625,13.0,8.5],"rotation":0,"texture":"#0","tintindex":0},"down":{"uv":[13.25,8.625,13.0,8.75],"rotation":0,"texture":"#0","tintindex":0}}},{"from":[7.0571427,11.285714,6.0742855],"to":[8.257143,13.085714,6.4342856],"rotation":{"angle":-22.5,"axis":"x","origin":[6.937143,12.342857,8.0]},"faces":{"east":{"uv":[5.5,12.125,5.625,12.5],"rotation":0,"texture":"#0","tintindex":0},"south":{"uv":[12.625,10.75,12.875,11.125],"rotation":0,"texture":"#0","tintindex":0},"north":{"uv":[10.75,12.625,11.0,13.0],"rotation":0,"texture":"#0","tintindex":0},"west":{"uv":[8.5,12.75,8.625,13.125],"rotation":0,"texture":"#0","tintindex":0},"up":{"uv":[13.25,8.875,13.0,8.75],"rotation":0,"texture":"#0","tintindex":0},"down":{"uv":[9.25,13.0,9.0,13.125],"rotation":0,"texture":"#0","tintindex":0}}},{"from":[5.9714284,15.0,6.417143],"to":[10.171429,15.342857,7.6057143],"rotation":{"angle":-22.5,"axis":"x","origin":[6.937143,12.342857,8.0]},"faces":{"east":{"uv":[13.0,9.0,13.25,9.125],"rotation":0,"texture":"#0","tintindex":0},"south":{"uv":[12.5,2.0,13.375,2.125],"rotation":0,"texture":"#0","tintindex":0},"north":{"uv":[12.375,8.875,13.25,9.0],"rotation":0,"texture":"#0","tintindex":0},"west":{"uv":[13.0,9.125,13.25,9.25],"rotation":0,"texture":"#0","tintindex":0},"up":{"uv":[7.25,4.125,6.375,3.875],"rotation":0,"texture":"#0","tintindex":0},"down":{"uv":[12.5,9.5,11.625,9.75],"rotation":0,"texture":"#0","tintindex":0}}},{"from":[5.5714283,14.714286,10.131429],"to":[10.171429,15.914286,11.32],"rotation":{"angle":0.0,"axis":"y","origin":[6.937143,12.342857,8.0]},"faces":{"east":{"uv":[13.0,9.0,13.25,9.125],"rotation":0,"texture":"#0","tintindex":0},"south":{"uv":[12.5,2.0,13.375,2.125],"rotation":0,"texture":"#0","tintindex":0},"north":{"uv":[12.375,8.875,13.25,9.0],"rotation":0,"texture":"#0","tintindex":0},"west":{"uv":[13.0,9.125,13.25,9.25],"rotation":0,"texture":"#0","tintindex":0},"up":{"uv":[7.25,4.125,6.375,3.875],"rotation":0,"texture":"#0","tintindex":0},"down":{"uv":[12.5,9.5,11.625,9.75],"rotation":0,"texture":"#0","tintindex":0}}},{"from":[9.285714,15.857143,6.702857],"to":[10.742857,16.485714,11.034286],"rotation":{"angle":0.0,"axis":"y","origin":[6.937143,12.342857,8.0]},"faces":{"east":{"uv":[13.0,9.0,13.25,9.125],"rotation":0,"texture":"#0","tintindex":0},"south":{"uv":[12.5,2.0,13.375,2.125],"rotation":0,"texture":"#0","tintindex":0},"north":{"uv":[12.375,8.875,13.25,9.0],"rotation":0,"texture":"#0","tintindex":0},"west":{"uv":[13.0,9.125,13.25,9.25],"rotation":0,"texture":"#0","tintindex":0},"up":{"uv":[7.25,4.125,6.375,3.875],"rotation":0,"texture":"#0","tintindex":0},"down":{"uv":[12.5,9.5,11.625,9.75],"rotation":0,"texture":"#0","tintindex":0}}},{"from":[5.2571425,15.857143,6.702857],"to":[6.714286,16.485714,11.034286],"rotation":{"angle":0.0,"axis":"y","origin":[9.062857,12.342857,8.0]},"faces":{"east":{"uv":[13.25,9.125,13.0,9.25],"rotation":0,"texture":"#0","tintindex":0},"south":{"uv":[13.375,2.0,12.5,2.125],"rotation":0,"texture":"#0","tintindex":0},"north":{"uv":[13.25,8.875,12.375,9.0],"rotation":0,"texture":"#0","tintindex":0},"west":{"uv":[13.25,9.0,13.0,9.125],"rotation":0,"texture":"#0","tintindex":0},"up":{"uv":[6.375,4.125,7.25,3.875],"rotation":0,"texture":"#0","tintindex":0},"down":{"uv":[11.625,9.5,12.5,9.75],"rotation":0,"texture":"#0","tintindex":0}}},{"from":[6.3142858,8.971429,8.617143],"to":[7.7714286,9.314285,9.805715],"rotation":{"angle":-45.0,"axis":"x","origin":[6.937143,12.342857,8.0]},"faces":{"east":{"uv":[13.0,9.0,13.25,9.125],"rotation":0,"texture":"#0","tintindex":0},"south":{"uv":[12.5,2.0,13.375,2.125],"rotation":0,"texture":"#0","tintindex":0},"north":{"uv":[12.375,8.875,13.25,9.0],"rotation":0,"texture":"#0","tintindex":0},"west":{"uv":[13.0,9.125,13.25,9.25],"rotation":0,"texture":"#0","tintindex":0},"up":{"uv":[7.25,4.125,6.375,3.875],"rotation":0,"texture":"#0","tintindex":0},"down":{"uv":[12.5,9.5,11.625,9.75],"rotation":0,"texture":"#0","tintindex":0}}},{"from":[5.6,7.885714,6.7314286],"to":[10.4,12.685715,10.502857],"rotation":{"angle":0.0,"axis":"y","origin":[6.6285715,12.342857,8.0]},"faces":{"east":{"uv":[4.25,6.875,5.125,7.875],"rotation":0,"texture":"#0","tintindex":0},"south":{"uv":[6.25,4.25,7.25,5.25],"rotation":0,"texture":"#0",