{"textures":{"0":"modelengine:entity/zabuza","1":"modelengine:entity/zabaza_face"},"elements":[{"from":[5.325714,11.4800005,4.1942854],"to":[8.342857,12.817143,7.622857],"rotation":{"angle":-22.5,"axis":"z","origin":[8.0,12.200001,6.6285715]},"faces":{"east":{"uv":[5.375,1.5,6.125,1.75],"rotation":0,"texture":"#0","tintindex":0},"south":{"uv":[11.25,6.375,11.875,6.625],"rotation":0,"texture":"#0","tintindex":0},"north":{"uv":[1.0,8.75,1.625,9.0],"rotation":0,"texture":"#0","tintindex":0},"west":{"uv":[11.875,9.25,12.625,9.5],"rotation":0,"texture":"#0","tintindex":0},"up":{"uv":[6.75,1.75,6.125,1.0],"rotation":0,"texture":"#0","tintindex":0},"down":{"uv":[7.875,10.125,7.25,10.875],"rotation":0,"texture":"#0","tintindex":0}}},{"from":[5.5314283,11.274286,4.3999996],"to":[11.017143,13.16,9.617143],"rotation":{"angle":-22.5,"axis":"z","origin":[8.0,12.200001,6.6285715]},"faces":{"east":{"uv":[10.75,0.0,11.875,0.375],"rotation":0,"texture":"#0","tintindex":0},"south":{"uv":[10.0,5.375,11.25,5.75],"rotation":0,"texture":"#0","tintindex":0},"north":{"uv":[3.625,1.75,4.875,2.125],"rotation":0,"texture":"#0","tintindex":0},"west":{"uv":[10.75,6.625,11.875,7.0],"rotation":0,"texture":"#0","tintindex":0},"up":{"uv":[6.25,5.375,5.0,4.25],"rotation":0,"texture":"#0","tintindex":0},"down":{"uv":[1.25,5.125,0.0,6.25],"rotation":0,"texture":"#0","tintindex":0}}},{"from":[5.8742857,13.16,4.9142857],"to":[10.845715,13.674286,9.165714],"rotation":{"angle":-22.5,"axis":"z","origin":[8.0,12.200001,6.6285715]},"faces":{"east":{"uv":[6.25,5.25,7.125,5.375],"rotation":0,"texture":"#0","tintindex":0},"south":{"uv":[11.875,0.25,13.0,0.375],"rotation":0,"texture":"#0","tintindex":0},"north":{"uv":[3.625,2.125,4.75,2.25],"rotation":0,"texture":"#0","tintindex":0},"west":{"uv":[6.375,4.125,7.25,4.25],"rotation":0,"texture":"#0","tintindex":0},"up":{"uv":[7.5,3.875,6.375,3.0],"rotation":0,"texture":"#0","tintindex":0},"down":{"uv":[2.125,6.5,1.0,7.375],"rotation":0,"texture":"#0","tintindex":0}}},{"from":[7.245714,13.674286,5.942857],"to":[9.8171425,14.462858,8.685715],"rotation":{"angle":-22.5,"axis":"z","origin":[8.0,12.200001,6.6285715]},"faces":{"east":{"uv":[2.875,5.125,3.5,5.25],"rotation":0,"texture":"#0","tintindex":0},"south":{"uv":[7.875,5.125,8.375,5.25],"rotation":0,"texture":"#0","tintindex":0},"north":{"uv":[7.125,0.875,7.625,1.0],"rotation":0,"texture":"#0","tintindex":0},"west":{"uv":[4.375,5.25,5.0,5.375],"rotation":0,"texture":"#0","tintindex":0},"up":{"uv":[8.375,5.125,7.875,4.5],"rotation":0,"texture":"#0","tintindex":0},"down":{"uv":[1.25,11.375,0.75,12.0],"rotation":0,"texture":"#0","tintindex":0}}},{"from":[8.617143,13.674286,7.04],"to":[11.360001,14.462858,8.137143],"rotation":{"angle":0.0,"axis":"y","origin":[8.0,12.200001,6.6285715]},"faces":{"east":{"uv":[4.0,7.75,4.25,7.875],"rotation":0,"texture":"#0","tintindex":0},"south":{"uv":[12.75,3.25,13.375,3.375],"rotation":0,"texture":"#0","tintindex":0},"north":{"uv":[12.5,6.0,13.125,6.125],"rotation":0,"texture":"#0","tintindex":0},"west":{"uv":[9.125,1.875,9.375,2.0],"rotation":0,"texture":"#0","tintindex":0},"up":{"uv":[12.625,10.0,12.0,9.75],"rotation":0,"texture":"#0","tintindex":0},"down":{"uv":[12.625,10.0,12.0,10.25],"rotation":0,"texture":"#0","tintindex":0}}},{"from":[9.302857,12.474286,5.2571425],"to":[12.045714,13.262857,6.1485715],"rotation":{"angle":0.0,"axis":"y","origin":[8.0,12.200001,6.6285715]},"faces":{"east":{"uv":[9.75,9.375,10.0,9.5],"rotation":0,"texture":"#0","tintindex":0},"south":{"uv":[12.75,3.75,13.375,3.875],"rotation":0,"texture":"#0","tintindex":0},"north":{"uv":[12.75,3.625,13.375,3.75],"rotation":0,"texture":"#0","tintindex":0},"west":{"uv":[10.125,2.5,10.375,2.625],"rotation":0,"texture":"#0","tintindex":0},"up":{"uv":[12.625,10.5,12.0,10.25],"rotation":0,"texture":"#0","tintindex":0},"down":{"uv":[12.625,10.5,12.0,10.75],"rotation":0,"texture":"#0","tintindex":0}}},{"from":[8.788571,12.645715,8.171429],"to":[11.531428,13.434286,9.062857],"rotation":{"angle":0.0,"axis":"y","origin":[8.0,12.200001,6.6285715]},"faces":{"east":{"uv":[11.875,3.0,12.125,3.125],"rotation":0,"texture":"#0","tintindex":0},"south":{"uv":[12.75,4.0,13.375,4.125],"rotation":0,"texture":"#0","tintindex":0},"north":{"uv":[12.75,3.875,13.375,4.0],"rotation":0,"texture":"#0","tintindex":0},"west":{"uv":[13.0,7.25,13.25,7.375],"rotation":0,"texture":"#0","tintindex":0},"up":{"uv":[12.625,12.0,12.0,11.75],"rotation":0,"texture":"#0","tintindex":0},"down":{"uv":[12.625,12.0,12.0,12.25],"rotation":0,"texture":"#0","tintindex":0}}},{"from":[7.6571426,13.742857,6.1485715],"to":[10.4,14.531429,7.1771426],"rotation":{"angle":22.5,"axis":"z","origin":[8.0,12.200001,6.6285715]},"faces":{"east":{"uv":[7.375,13.0,7.625,13.125],"rotation":0,"texture":"#0","tintindex":0},"south":{"uv":[12.75,4.25,13.375,4.375],"rotation":0,"texture":"#0","tintindex":0},"north":{"uv":[12.75,4.125,13.375,4.25],"rotation":0,"texture":"#0","tintindex":0},"west":{"uv":[7.625,13.0,7.875,13.125],"rotation":0,"texture":"#0","tintindex":0},"up":{"uv":[12.75,0.875,12.125,0.625],"rotation":0,"texture":"#0","tintindex":0},"down":{"uv":[12.75,0.875,12.125,1.125],"rotation":0,"texture":"#0","tintindex":0}}},{"from":[7.6571426,13.742857,7.8628573],"to":[8.685715,15.559999,8.891429],"rotation":{"angle":22.5,"axis":"z","origin":[8.0,12.200001,6.6285715]},"faces":{"east":{"uv":[12.625,2.125,12.875,2.5],"rotation":0,"texture":"#0","tintindex":0},"south":{"uv":[4.75,12.625,5.0,13.0],"rotation":0,"texture":"#0","tintindex":0},"north":{"uv":[2.25,10.25,2.5,10.625],"rotation":0,"texture":"#0","tintindex":0},"west":{"uv":[5.0,12.625,5.25,13.0],"rotation":0,"texture":"#0","tintindex":0},"up":{"uv":[6.375,3.25,6.125,3.0],"rotation":0,"texture":"#0","tintindex":0},"down":{"uv":[1.25,6.25,1.0,6.5],"rotation":0,"texture":"#0","tintindex":0}}},{"from":[6.0857143,8.885715,8.148571],"to":[7.1142855,11.131429,9.177143],"rotation":{"angle":-22.5,"axis":"x","origin":[8.0,12.200001,6.6285715]},"faces":{"east":{"uv":[9.5,5.875,9.75,6.375],"rotation":0,"texture":"#0","tintindex":0},"south":{"uv":[1.75,12.5,2.0,13.0],"rotation":0,"texture":"#0","tintindex":0},"north":{"uv":[4.875,1.75,5.125,2.25],"rotation":0,"texture":"#0","tintindex":0},"west":{"uv":[3.125,12.5,3.375,13.0],"rotation":0,"texture":"#0","tintindex":0},"up":{"uv":[8.75,7.875,8.5,7.625],"rotation":0,"texture":"#0","tintindex":0},"down":{"uv":[5.125,9.375,4.875,9.625],"rotation":0,"texture":"#0","tintindex":0}}},{"from":[7.5142856,8.171429,7.72],"to":[8.542857,9.988571,8.748571],"rotation":{"angle":-22.5,"axis":"x","origin":[8.0,12.200001,6.6285715]},"faces":{"east":{"uv":[9.0,12.625,9.25,13.0],"rotation":0,"texture":"#0","tintindex":0},"south":{"uv":[9.25,12.625,9.5,13.0],"rotation":0,"texture":"#0","tintindex":0},"north":{"uv":[7.875,12.625,8.125,13.0],"rotation":0,"texture":"#0","tintindex":0},"west":{"uv":[12.625,9.25,12.875,9.625],"rotation":0,"texture":"#0","tintindex":0},"up":{"uv":[7.5,10.125,7.25,9.875],"rotation":0,"texture":"#0","tintindex":0},"down":{"uv":[11.0,8.0,10.75,8.25],"rotation":0,"texture":"#0","tintindex":0}}},{"from":[8.942857,8.6,7.72],"to":[9.971429,10.417143,8.748571],"rotation":{"angle":-22.5,"axis":"x","origin":[8.0,12.200001,6.6285715]},"faces":{"east":{"uv":[12.625,10.0,12.875,10.375],"rotation":0,"texture":"#0","tintindex":0},"south":{"uv":[10.375,12.625,10.625,13.0],"rotation":0,"texture":"#0","tintindex":0},"north":{"uv":[12.625,9.625,12.875,10.0],"rotation":0,"texture":"#0","tintindex":0},"west":{"uv":[12.625,10.375,12.875,10.75],"rotation":0,"texture":"#0","tintindex":0},"up":{"uv":[11.75,8.0,11.5,7.75],"rotation":0,"texture":"#0","tintindex":0},"down":{"uv":[7.625,12.75,7.375,13.0],"rotation":0,"texture":"#0","tintindex":0}}},{"from":[5.8342857,12.457144,6.8342857],"to":[6.3828573,14.274286,7.52],"rotation":{"angle":45.0,"axis":"z","origin":[8.0,12.200001,6.6285715]},"faces":{"east":{"uv":[3.875,9.0,4.0,9.375],"rotation":0,"texture":"#0","tintindex":0},