{"textures":{"0":"modelengine:entity/zabuza"},"elements":[{"from":[7.142857,2.4571428,6.714286],"to":[8.857143,8.028571,8.714286],"rotation":{"angle":0.0,"axis":"y","origin":[13.142858,-7.8285723,6.285714]},"faces":{"east":{"uv":[1.875,10.25,2.25,11.5],"rotation":0,"texture":"#0","tintindex":0},"south":{"uv":[3.375,10.25,3.75,11.5],"rotation":0,"texture":"#0","tintindex":0},"north":{"uv":[7.875,10.125,8.25,11.375],"rotation":0,"texture":"#0","tintindex":0},"west":{"uv":[10.375,2.5,10.75,3.75],"rotation":0,"texture":"#0","tintindex":0},"up":{"uv":[7.75,7.25,7.375,6.875],"rotation":0,"texture":"#0","tintindex":0},"down":{"uv":[11.25,2.125,10.875,2.5],"rotation":0,"texture":"#0","tintindex":0}}},{"from":[6.428571,3.885714,6.857143],"to":[7.142857,7.457143,8.428572],"rotation":{"angle":0.0,"axis":"y","origin":[13.142858,-7.8285723,6.285714]},"faces":{"east":{"uv":[2.375,11.5,2.75,12.25],"rotation":0,"texture":"#0","tintindex":0},"south":{"uv":[12.625,11.125,12.75,11.875],"rotation":0,"texture":"#0","tintindex":0},"north":{"uv":[3.0,12.625,3.125,13.375],"rotation":0,"texture":"#0","tintindex":0},"west":{"uv":[3.875,11.5,4.25,12.25],"rotation":0,"texture":"#0","tintindex":0},"up":{"uv":[2.875,13.25,2.75,12.875],"rotation":0,"texture":"#0","tintindex":0},"down":{"uv":[13.0,5.125,12.875,5.5],"rotation":0,"texture":"#0","tintindex":0}}}],"display":{"head":{"translation":[0.0,-6.4,0.0],"scale":[4.0,4.0,4.0]}}}