{"textures":{"0":"modelengine:entity/zabuza"},"elements":[{"from":[6.485714,1.7142854,7.142857],"to":[9.857143,8.428572,9.571428],"rotation":{"angle":0.0,"axis":"y","origin":[10.285714,-6.285715,8.0]},"faces":{"east":{"uv":[7.875,3.0,8.375,4.5],"rotation":0,"texture":"#0","tintindex":0},"south":{"uv":[3.625,5.25,4.375,6.75],"rotation":0,"texture":"#0","tintindex":0},"north":{"uv":[2.875,5.25,3.625,6.75],"rotation":0,"texture":"#0","tintindex":0},"west":{"uv":[4.0,7.875,4.5,9.375],"rotation":0,"texture":"#0","tintindex":0},"up":{"uv":[11.625,1.125,10.875,0.625],"rotation":0,"texture":"#0","tintindex":0},"down":{"uv":[11.625,1.125,10.875,1.625],"rotation":0,"texture":"#0","tintindex":0}}},{"from":[6.1714287,3.142857,7.5714283],"to":[7.285714,8.857143,9.142858],"rotation":{"angle":0.0,"axis":"y","origin":[10.285714,-6.285715,8.0]},"faces":{"east":{"uv":[10.375,9.75,10.75,11.0],"rotation":0,"texture":"#0","tintindex":0},"south":{"uv":[11.375,8.5,11.625,9.75],"rotation":0,"texture":"#0","tintindex":0},"north":{"uv":[7.875,11.375,8.125,12.625],"rotation":0,"texture":"#0","tintindex":0},"west":{"uv":[0.0,10.5,0.375,11.75],"rotation":0,"texture":"#0","tintindex":0},"up":{"uv":[13.0,1.0,12.75,0.625],"rotation":0,"texture":"#0","tintindex":0},"down":{"uv":[1.0,12.75,0.75,13.125],"rotation":0,"texture":"#0","tintindex":0}}},{"from":[7.0571427,2.1714282,6.4],"to":[9.285714,7.857143,7.1142855],"rotation":{"angle":0.0,"axis":"y","origin":[10.285714,-6.285715,8.0]},"faces":{"east":{"uv":[5.0,7.875,5.125,9.125],"rotation":0,"texture":"#0","tintindex":0},"south":{"uv":[2.0,9.0,2.5,10.25],"rotation":0,"texture":"#0","tintindex":0},"north":{"uv":[7.0,8.625,7.5,9.875],"rotation":0,"texture":"#0","tintindex":0},"west":{"uv":[6.0,9.5,6.125,10.75],"rotation":0,"texture":"#0","tintindex":0},"up":{"uv":[8.5,6.875,8.0,6.75],"rotation":0,"texture":"#0","tintindex":0},"down":{"uv":[9.0,2.375,8.5,2.5],"rotation":0,"texture":"#0","tintindex":0}}},{"from":[7.0,3.4285712,9.571428],"to":[8.857143,7.857143,10.571428],"rotation":{"angle":0.0,"axis":"y","origin":[10.285714,6.857143,9.142858]},"faces":{"east":{"uv":[2.875,11.625,3.125,12.625],"rotation":0,"texture":"#0","tintindex":0},"south":{"uv":[6.5,10.875,6.875,11.875],"rotation":0,"texture":"#0","tintindex":0},"north":{"uv":[10.0,10.75,10.375,11.75],"rotation":0,"texture":"#0","tintindex":0},"west":{"uv":[11.625,5.375,11.875,6.375],"rotation":0,"texture":"#0","tintindex":0},"up":{"uv":[13.125,1.25,12.75,1.0],"rotation":0,"texture":"#0","tintindex":0},"down":{"uv":[13.125,1.25,12.75,1.5],"rotation":0,"texture":"#0","tintindex":0}}},{"from":[7.1142855,1.6571422,9.571428],"to":[8.742857,3.4571428,10.228572],"rotation":{"angle":0.0,"axis":"y","origin":[10.285714,6.857143,9.142858]},"faces":{"east":{"uv":[1.75,13.0,1.875,13.375],"rotation":0,"texture":"#0","tintindex":0},"south":{"uv":[12.375,3.0,12.75,3.375],"rotation":0,"texture":"#0","tintindex":0},"north":{"uv":[12.375,1.125,12.75,1.5],"rotation":0,"texture":"#0","tintindex":0},"west":{"uv":[1.875,13.0,2.0,13.375],"rotation":0,"texture":"#0","tintindex":0},"up":{"uv":[13.25,6.75,12.875,6.625],"rotation":0,"texture":"#0","tintindex":0},"down":{"uv":[13.25,7.375,12.875,7.5],"rotation":0,"texture":"#0","tintindex":0}}}],"display":{"head":{"translation":[0.0,-6.4,0.0],"scale":[4.0,4.0,4.0]}}}