{"textures":{"0":"modelengine:entity/zabuza"},"elements":[{"from":[7.142857,2.4571428,6.714286],"to":[8.857143,8.028571,8.714286],"rotation":{"angle":0.0,"axis":"y","origin":[2.8571424,-7.8285723,6.285714]},"faces":{"east":{"uv":[10.375,3.75,10.75,5.0],"rotation":0,"texture":"#0","tintindex":0},"south":{"uv":[10.375,5.75,10.75,7.0],"rotation":0,"texture":"#0","tintindex":0},"north":{"uv":[2.875,10.375,3.25,11.625],"rotation":0,"texture":"#0","tintindex":0},"west":{"uv":[10.375,7.0,10.75,8.25],"rotation":0,"texture":"#0","tintindex":0},"up":{"uv":[12.625,2.75,12.25,2.375],"rotation":0,"texture":"#0","tintindex":0},"down":{"uv":[12.375,12.25,12.0,12.625],"rotation":0,"texture":"#0","tintindex":0}}},{"from":[8.857143,3.885714,6.857143],"to":[9.571428,7.457143,8.428572],"rotation":{"angle":0.0,"axis":"y","origin":[2.8571424,-7.8285723,6.285714]},"faces":{"east":{"uv":[4.25,11.5,4.625,12.25],"rotation":0,"texture":"#0","tintindex":0},"south":{"uv":[0.125,12.75,0.25,13.5],"rotation":0,"texture":"#0","tintindex":0},"north":{"uv":[0.0,12.75,0.125,13.5],"rotation":0,"texture":"#0","tintindex":0},"west":{"uv":[11.5,7.0,11.875,7.75],"rotation":0,"texture":"#0","tintindex":0},"up":{"uv":[13.0,10.0,12.875,9.625],"rotation":0,"texture":"#0","tintindex":0},"down":{"uv":[13.0,10.0,12.875,10.375],"rotation":0,"texture":"#0","tintindex":0}}}],"display":{"head":{"translation":[0.0,-6.4,0.0],"scale":[4.0,4.0,4.0]}}}