{"textures":{"0":"modelengine:entity/zabuza"},"elements":[{"from":[7.8,7.4857144,7.1714277],"to":[8.885715,8.6285715,26.6],"rotation":{"angle":0.0,"axis":"y","origin":[8.285714,8.428572,16.314285]},"faces":{"east":{"uv":[5.125,2.5,9.375,2.75],"rotation":0,"texture":"#0","tintindex":0},"south":{"uv":[12.75,9.0,13.0,9.25],"rotation":0,"texture":"#0","tintindex":0},"north":{"uv":[12.75,8.625,13.0,8.875],"rotation":0,"texture":"#0","tintindex":0},"west":{"uv":[5.125,2.75,9.375,3.0],"rotation":0,"texture":"#0","tintindex":0},"up":{"uv":[5.375,9.625,5.125,5.375],"rotation":0,"texture":"#0","tintindex":0},"down":{"uv":[5.625,5.375,5.375,9.625],"rotation":0,"texture":"#0","tintindex":0}}},{"from":[7.3714285,4.3999996,6.02857],"to":[9.314285,11.542857,7.1714277],"rotation":{"angle":0.0,"axis":"y","origin":[8.285714,8.485714,16.314285]},"faces":{"east":{"uv":[5.375,10.5,5.625,12.125],"rotation":0,"texture":"#0","tintindex":0},"south":{"uv":[6.125,9.375,6.5,11.0],"rotation":0,"texture":"#0","tintindex":0},"north":{"uv":[2.5,9.0,2.875,10.625],"rotation":0,"texture":"#0","tintindex":0},"west":{"uv":[10.75,9.75,11.0,11.375],"rotation":0,"texture":"#0","tintindex":0},"up":{"uv":[13.0,2.75,12.625,2.5],"rotation":0,"texture":"#0","tintindex":0},"down":{"uv":[13.125,0.0,12.75,0.25],"rotation":0,"texture":"#0","tintindex":0}}},{"from":[7.6571426,5.742857,7.1714277],"to":[9.028571,10.314286,7.742856],"rotation":{"angle":0.0,"axis":"y","origin":[8.285714,8.257143,16.314285]},"faces":{"east":{"uv":[3.25,10.375,3.375,11.375],"rotation":0,"texture":"#0","tintindex":0},"south":{"uv":[11.625,2.125,11.875,3.125],"rotation":0,"texture":"#0","tintindex":0},"north":{"uv":[11.0,11.5,11.25,12.5],"rotation":0,"texture":"#0","tintindex":0},"west":{"uv":[1.75,10.5,1.875,11.5],"rotation":0,"texture":"#0","tintindex":0},"up":{"uv":[13.25,10.625,13.0,10.5],"rotation":0,"texture":"#0","tintindex":0},"down":{"uv":[10.875,13.0,10.625,13.125],"rotation":0,"texture":"#0","tintindex":0}}},{"from":[7.6571426,6.5142856,-10.685717],"to":[9.028571,11.4,6.02857],"rotation":{"angle":0.0,"axis":"y","origin":[8.285714,8.485714,16.314285]},"faces":{"east":{"uv":[0.0,0.0,3.625,1.125],"rotation":0,"texture":"#0","tintindex":0},"south":{"uv":[9.25,11.5,9.5,12.625],"rotation":0,"texture":"#0","tintindex":0},"north":{"uv":[9.0,11.5,9.25,12.625],"rotation":0,"texture":"#0","tintindex":0},"west":{"uv":[0.0,1.125,3.625,2.25],"rotation":0,"texture":"#0","tintindex":0},"up":{"uv":[3.125,10.375,2.875,6.75],"rotation":0,"texture":"#0","tintindex":0},"down":{"uv":[3.375,6.75,3.125,10.375],"rotation":0,"texture":"#0","tintindex":0}}},{"from":[7.8285713,4.457143,3.5999994],"to":[8.914286,6.542857,6.02857],"rotation":{"angle":0.0,"axis":"y","origin":[8.285714,8.485714,16.314285]},"faces":{"east":{"uv":[11.625,3.125,12.125,3.625],"rotation":0,"texture":"#0","tintindex":0},"south":{"uv":[5.75,12.5,6.0,13.0],"rotation":0,"texture":"#0","tintindex":0},"north":{"uv":[5.5,12.5,5.75,13.0],"rotation":0,"texture":"#0","tintindex":0},"west":{"uv":[11.625,3.625,12.125,4.125],"rotation":0,"texture":"#0","tintindex":0},"up":{"uv":[6.25,13.0,6.0,12.5],"rotation":0,"texture":"#0","tintindex":0},"down":{"uv":[7.125,12.5,6.875,13.0],"rotation":0,"texture":"#0","tintindex":0}}},{"from":[7.9714284,4.6,-10.685717],"to":[8.771429,6.542857,-0.25714493],"rotation":{"angle":0.0,"axis":"y","origin":[8.285714,8.485714,16.314285]},"faces":{"east":{"uv":[6.75,2.0,9.0,2.375],"rotation":0,"texture":"#0","tintindex":0},"south":{"uv":[13.0,0.625,13.125,1.0],"rotation":0,"texture":"#0","tintindex":0},"north":{"uv":[12.875,11.875,13.0,12.25],"rotation":0,"texture":"#0","tintindex":0},"west":{"uv":[7.25,5.25,9.5,5.625],"rotation":0,"texture":"#0","tintindex":0},"up":{"uv":[2.875,12.875,2.75,10.625],"rotation":0,"texture":"#0","tintindex":0},"down":{"uv":[6.5,11.0,6.375,13.25],"rotation":0,"texture":"#0","tintindex":0}}},{"from":[7.6571426,8.828571,-14.914288],"to":[9.028571,11.4,-10.657145],"rotation":{"angle":0.0,"axis":"y","origin":[8.285714,8.485714,16.314285]},"faces":{"east":{"uv":[9.625,0.625,10.5,1.25],"rotation":0,"texture":"#0","tintindex":0},"south":{"uv":[3.875,12.25,4.125,12.875],"rotation":0,"texture":"#0","tintindex":0},"north":{"uv":[2.375,12.25,2.625,12.875],"rotation":0,"texture":"#0","tintindex":0},"west":{"uv":[9.625,1.25,10.5,1.875],"rotation":0,"texture":"#0","tintindex":0},"up":{"uv":[8.625,12.75,8.375,11.875],"rotation":0,"texture":"#0","tintindex":0},"down":{"uv":[12.125,8.375,11.875,9.25],"rotation":0,"texture":"#0","tintindex":0}}},{"from":[7.714286,8.542857,-15.685715],"to":[8.971429,11.114285,-14.657145],"rotation":{"angle":-45.0,"axis":"x","origin":[8.285714,9.6285715,-15.685715]},"faces":{"east":{"uv":[4.375,12.25,4.625,12.875],"rotation":0,"texture":"#0","tintindex":0},"south":{"uv":[12.25,4.875,12.5,5.5],"rotation":0,"texture":"#0","tintindex":0},"north":{"uv":[4.125,12.25,4.375,12.875],"rotation":0,"texture":"#0","tintindex":0},"west":{"uv":[12.25,5.5,12.5,6.125],"rotation":0,"texture":"#0","tintindex":0},"up":{"uv":[9.75,13.0,9.5,12.75],"rotation":0,"texture":"#0","tintindex":0},"down":{"uv":[10.0,12.75,9.75,13.0],"rotation":0,"texture":"#0","tintindex":0}}},{"from":[7.885714,10.428572,-15.628574],"to":[8.857143,11.428572,-14.742859],"rotation":{"angle":-45.0,"axis":"x","origin":[8.285714,9.6285715,-15.685715]},"faces":{"east":{"uv":[12.75,11.125,13.0,11.375],"rotation":0,"texture":"#0","tintindex":0},"south":{"uv":[12.75,11.375,13.0,11.625],"rotation":0,"texture":"#0","tintindex":0},"north":{"uv":[10.0,12.75,10.25,13.0],"rotation":0,"texture":"#0","tintindex":0},"west":{"uv":[11.5,12.75,11.75,13.0],"rotation":0,"texture":"#0","tintindex":0},"up":{"uv":[13.0,11.875,12.75,11.625],"rotation":0,"texture":"#0","tintindex":0},"down":{"uv":[13.0,12.25,12.75,12.5],"rotation":0,"texture":"#0","tintindex":0}}},{"from":[7.6571426,10.085714,-16.0],"to":[9.028571,11.4,-14.8857155],"rotation":{"angle":0.0,"axis":"y","origin":[8.285714,9.6285715,-15.685715]},"faces":{"east":{"uv":[12.75,12.75,13.0,13.0],"rotation":0,"texture":"#0","tintindex":0},"south":{"uv":[12.875,1.625,13.125,1.875],"rotation":0,"texture":"#0","tintindex":0},"north":{"uv":[12.75,12.5,13.0,12.75],"rotation":0,"texture":"#0","tintindex":0},"west":{"uv":[12.875,2.125,13.125,2.375],"rotation":0,"texture":"#0","tintindex":0},"up":{"uv":[2.625,13.125,2.375,12.875],"rotation":0,"texture":"#0","tintindex":0},"down":{"uv":[4.125,12.875,3.875,13.125],"rotation":0,"texture":"#0","tintindex":0}}},{"from":[7.7714286,3.3999996,-14.400002],"to":[8.914286,9.4,-10.828573],"rotation":{"angle":-45.0,"axis":"x","origin":[8.285714,8.485714,-13.97143]},"faces":{"east":{"uv":[2.125,6.5,2.875,7.75],"rotation":0,"texture":"#0","tintindex":0},"south":{"uv":[5.0,11.375,5.25,12.625],"rotation":0,"texture":"#0","tintindex":0},"north":{"uv":[4.75,11.375,5.0,12.625],"rotation":0,"texture":"#0","tintindex":0},"west":{"uv":[6.625,6.0,7.375,7.25],"rotation":0,"texture":"#0","tintindex":0},"up":{"uv":[9.75,12.75,9.5,12.0],"rotation":0,"texture":"#0","tintindex":0},"down":{"uv":[10.0,12.0,9.75,12.75],"rotation":0,"texture":"#0","tintindex":0}}}],"display":{"head":{"translation":[0.0,-6.4,-33.25714],"scale":[4.0,4.0,4.0]}}}