{"textures":{"0":"modelengine:entity/shinobicaster"},"elements":[{"from":[5.423214,9.690179,4.766964],"to":[10.108929,12.547321,5.3383927],"rotation":{"angle":0.0,"axis":"y","origin":[7.7660713,-6.1812515,7.709821]},"faces":{"east":{"uv":[11.765,14.265,11.985,15.485],"rotation":0,"texture":"#0","tintindex":0},"south":{"uv":[0.015,7.515,1.985,8.735],"rotation":0,"texture":"#0","tintindex":0},"north":{"uv":[6.015,6.765,7.985,7.985],"rotation":0,"texture":"#0","tintindex":0},"west":{"uv":[3.515,14.515,3.735,15.735],"rotation":0,"texture":"#0","tintindex":0},"up":{"uv":[15.985,7.985,14.015,7.765],"rotation":0,"texture":"#0","tintindex":0},"down":{"uv":[15.985,8.015,14.015,8.235],"rotation":0,"texture":"#0","tintindex":0}}},{"from":[5.5517855,7.5473213,4.766964],"to":[9.980357,9.690179,5.1955357],"rotation":{"angle":0.0,"axis":"y","origin":[7.7660713,-6.1812515,7.566964]},"faces":{"east":{"uv":[6.515,14.765,6.735,15.625],"rotation":0,"texture":"#0","tintindex":0},"south":{"uv":[9.015,9.765,10.985,10.625],"rotation":0,"texture":"#0","tintindex":0},"north":{"uv":[0.015,9.765,1.985,10.625],"rotation":0,"texture":"#0","tintindex":0},"west":{"uv":[9.765,14.765,9.985,15.625],"rotation":0,"texture":"#0","tintindex":0},"up":{"uv":[15.485,7.235,13.515,7.015],"rotation":0,"texture":"#0","tintindex":0},"down":{"uv":[15.735,6.015,13.765,6.235],"rotation":0,"texture":"#0","tintindex":0}}},{"from":[5.5232143,9.290178,5.1669645],"to":[10.008928,10.433036,10.48125],"rotation":{"angle":0.0,"axis":"y","origin":[7.7660713,-6.1812515,7.709821]},"faces":{"east":{"uv":[5.015,11.515,7.235,11.985],"rotation":0,"texture":"#0","tintindex":0},"south":{"uv":[12.015,8.765,13.985,9.235],"rotation":0,"texture":"#0","tintindex":0},"north":{"uv":[12.015,8.765,13.985,9.235],"rotation":0,"texture":"#0","tintindex":0},"west":{"uv":[11.515,6.015,13.735,6.485],"rotation":0,"texture":"#0","tintindex":0},"up":{"uv":[1.985,2.235,0.015,0.015],"rotation":0,"texture":"#0","tintindex":0},"down":{"uv":[3.985,0.015,2.015,2.235],"rotation":0,"texture":"#0","tintindex":0}}},{"from":[5.6660714,9.933036,5.4098215],"to":[9.866072,12.361608,10.238393],"rotation":{"angle":0.0,"axis":"y","origin":[7.7660713,-6.1812515,7.709821]},"faces":{"east":{"uv":[8.015,2.515,10.125,3.485],"rotation":0,"texture":"#0","tintindex":0},"south":{"uv":[9.015,7.765,10.875,8.735],"rotation":0,"texture":"#0","tintindex":0},"north":{"uv":[7.015,9.015,8.875,9.985],"rotation":0,"texture":"#0","tintindex":0},"west":{"uv":[8.015,3.515,10.125,4.485],"rotation":0,"texture":"#0","tintindex":0},"up":{"uv":[5.875,2.125,4.015,0.015],"rotation":0,"texture":"#0","tintindex":0},"down":{"uv":[5.875,2.265,4.015,4.375],"rotation":0,"texture":"#0","tintindex":0}}},{"from":[7.180357,10.633036,6.524107],"to":[10.294643,12.433036,10.509822],"rotation":{"angle":0.0,"axis":"y","origin":[8.7375,11.783036,7.8026786]},"faces":{"east":{"uv":[11.265,10.765,12.985,11.485],"rotation":0,"texture":"#0","tintindex":0},"south":{"uv":[12.015,6.515,13.375,7.235],"rotation":0,"texture":"#0","tintindex":0},"north":{"uv":[11.765,3.515,13.125,4.235],"rotation":0,"texture":"#0","tintindex":0},"west":{"uv":[11.515,0.015,13.235,0.735],"rotation":0,"texture":"#0","tintindex":0},"up":{"uv":[3.375,9.235,2.015,7.515],"rotation":0,"texture":"#0","tintindex":0},"down":{"uv":[4.875,7.765,3.515,9.485],"rotation":0,"texture":"#0","tintindex":0}}},{"from":[7.0375,9.875893,5.38125],"to":[10.294643,12.61875,6.524107],"rotation":{"angle":0.0,"axis":"y","origin":[8.594643,11.825893,7.8026786]},"faces":{"east":{"uv":[3.515,11.265,3.985,12.375],"rotation":0,"texture":"#0","tintindex":0},"south":{"uv":[10.015,5.765,11.375,6.875],"rotation":0,"texture":"#0","tintindex":0},"north":{"uv":[10.015,4.515,11.375,5.625],"rotation":0,"texture":"#0","tintindex":0},"west":{"uv":[1.515,13.265,1.985,14.375],"rotation":0,"texture":"#0","tintindex":0},"up":{"uv":[14.625,0.485,13.265,0.015],"rotation":0,"texture":"#0","tintindex":0},"down":{"uv":[14.625,3.515,13.265,3.985],"rotation":0,"texture":"#0","tintindex":0}}},{"from":[5.6660714,8.21875,7.852679],"to":[9.866072,9.933036,10.238393],"rotation":{"angle":0.0,"axis":"y","origin":[7.7660713,-6.1812515,7.709821]},"faces":{"east":{"uv":[12.765,2.765,13.735,3.485],"rotation":0,"texture":"#0","tintindex":0},"south":{"uv":[8.015,10.765,9.875,11.485],"rotation":0,"texture":"#0","tintindex":0},"north":{"uv":[10.015,7.015,11.875,7.735],"rotation":0,"texture":"#0","tintindex":0},"west":{"uv":[13.015,9.265,13.985,9.985],"rotation":0,"texture":"#0","tintindex":0},"up":{"uv":[10.875,9.735,9.015,8.765],"rotation":0,"texture":"#0","tintindex":0},"down":{"uv":[6.875,9.265,5.015,10.235],"rotation":0,"texture":"#0","tintindex":0}}},{"from":[5.880357,7.647321,5.424107],"to":[9.651786,12.21875,9.995536],"rotation":{"angle":0.0,"axis":"y","origin":[7.7660713,-6.1812515,7.709821]},"faces":{"east":{"uv":[0.015,2.265,1.985,4.235],"rotation":0,"texture":"#0","tintindex":0},"south":{"uv":[2.015,4.265,3.875,6.235],"rotation":0,"texture":"#0","tintindex":0},"north":{"uv":[0.015,4.265,1.875,6.235],"rotation":0,"texture":"#0","tintindex":0},"west":{"uv":[2.015,2.265,3.985,4.235],"rotation":0,"texture":"#0","tintindex":0},"up":{"uv":[5.875,6.485,4.015,4.515],"rotation":0,"texture":"#0","tintindex":0},"down":{"uv":[7.875,0.015,6.015,1.985],"rotation":0,"texture":"#0","tintindex":0}}}],"display":{"head":{"translation":[0.0,-6.4,0.0],"scale":[4.0,4.0,4.0]}}}