{"textures":{"0":"modelengine:entity/shinobicaster"},"elements":[{"from":[6.8464284,6.928571,7.082143],"to":[8.903571,8.071428,9.025],"rotation":{"angle":0.0,"axis":"y","origin":[11.732142,1.0714283,8.053572]},"faces":{"east":{"uv":[6.625,14.265,5.765,14.735],"rotation":0,"texture":"#0","tintindex":0},"south":{"uv":[5.625,14.265,4.765,14.735],"rotation":0,"texture":"#0","tintindex":0},"north":{"uv":[14.875,13.515,14.015,13.985],"rotation":0,"texture":"#0","tintindex":0},"west":{"uv":[4.625,14.265,3.765,14.735],"rotation":0,"texture":"#0","tintindex":0},"up":{"uv":[6.765,13.625,7.625,12.765],"rotation":0,"texture":"#0","tintindex":0},"down":{"uv":[7.765,12.765,8.625,13.625],"rotation":0,"texture":"#0","tintindex":0}}},{"from":[7.8892856,6.285714,7.082143],"to":[8.903571,6.928571,8.453571],"rotation":{"angle":0.0,"axis":"y","origin":[11.289286,1.0714283,8.053572]},"faces":{"east":{"uv":[10.015,14.765,10.625,14.985],"rotation":0,"texture":"#0","tintindex":0},"south":{"uv":[14.765,11.765,15.235,11.985],"rotation":0,"texture":"#0","tintindex":0},"north":{"uv":[14.765,11.515,15.235,11.735],"rotation":0,"texture":"#0","tintindex":0},"west":{"uv":[10.765,14.765,11.375,14.985],"rotation":0,"texture":"#0","tintindex":0},"up":{"uv":[7.235,12.625,6.765,12.015],"rotation":0,"texture":"#0","tintindex":0},"down":{"uv":[4.985,12.515,4.515,13.125],"rotation":0,"texture":"#0","tintindex":0}}},{"from":[7.8178573,6.385714,8.453571],"to":[8.903571,6.928571,9.025],"rotation":{"angle":0.0,"axis":"y","origin":[11.217857,1.0714283,8.053572]},"faces":{"east":{"uv":[11.515,2.265,11.735,2.485],"rotation":0,"texture":"#0","tintindex":0},"south":{"uv":[3.015,9.265,3.485,9.485],"rotation":0,"texture":"#0","tintindex":0},"north":{"uv":[3.515,7.515,3.985,7.735],"rotation":0,"texture":"#0","tintindex":0},"west":{"uv":[1.015,12.015,1.235,12.235],"rotation":0,"texture":"#0","tintindex":0},"up":{"uv":[2.985,11.235,2.515,11.015],"rotation":0,"texture":"#0","tintindex":0},"down":{"uv":[9.235,12.765,8.765,12.985],"rotation":0,"texture":"#0","tintindex":0}}},{"from":[6.8464284,6.357143,7.082143],"to":[7.8892856,6.928571,7.7964287],"rotation":{"angle":0.0,"axis":"y","origin":[11.289286,1.0714283,8.053572]},"faces":{"east":{"uv":[14.765,12.265,15.125,12.485],"rotation":0,"texture":"#0","tintindex":0},"south":{"uv":[2.515,14.265,2.985,14.485],"rotation":0,"texture":"#0","tintindex":0},"north":{"uv":[3.015,13.265,3.485,13.485],"rotation":0,"texture":"#0","tintindex":0},"west":{"uv":[14.765,12.515,15.125,12.735],"rotation":0,"texture":"#0","tintindex":0},"up":{"uv":[3.485,13.125,3.015,12.765],"rotation":0,"texture":"#0","tintindex":0},"down":{"uv":[2.985,13.765,2.515,14.125],"rotation":0,"texture":"#0","tintindex":0}}}],"display":{"head":{"translation":[0.0,-6.4,0.0],"scale":[4.0,4.0,4.0]}}}