{"textures":{"0":"modelengine:entity/itachisusanoarmor"},"elements":[{"from":[6.714286,6.285714,5.714286],"to":[12.428572,18.857143,13.714286],"rotation":{"angle":-22.5,"axis":"z","origin":[8.0,0.0,8.0]},"faces":{"east":{"uv":[0.0,0.0,1.8285714,1.8285714],"rotation":0,"texture":"#0","tintindex":0},"south":{"uv":[0.0,0.0,1.6,1.6],"rotation":0,"texture":"#0","tintindex":0},"north":{"uv":[0.0,0.0,2.057143,2.057143],"rotation":0,"texture":"#0","tintindex":0},"west":{"uv":[0.0,0.0,1.8285714,1.8285714],"rotation":0,"texture":"#0","tintindex":0},"up":{"uv":[0.0,0.0,1.8285714,2.2857144],"rotation":0,"texture":"#0","tintindex":0},"down":{"uv":[0.0,0.0,1.8285714,2.2857144],"rotation":0,"texture":"#0","tintindex":0}}},{"from":[1.3550401,8.0,1.3550401],"to":[11.497897,16.0,4.497897],"rotation":{"angle":-45.0,"axis":"y","origin":[8.0,0.0,8.0]},"faces":{"east":{"uv":[0.0,0.0,1.8285714,1.8285714],"rotation":0,"texture":"#0","tintindex":0},"south":{"uv":[0.0,0.0,1.6,1.6],"rotation":0,"texture":"#0","tintindex":0},"north":{"uv":[0.0,0.0,2.057143,2.057143],"rotation":0,"texture":"#0","tintindex":0},"west":{"uv":[0.0,0.0,1.8285714,1.8285714],"rotation":0,"texture":"#0","tintindex":0},"up":{"uv":[0.0,0.0,1.8285714,2.2857144],"rotation":0,"texture":"#0","tintindex":0},"down":{"uv":[0.0,0.0,1.8285714,2.2857144],"rotation":0,"texture":"#0","tintindex":0}}},{"from":[6.926469,8.0,13.92647],"to":[17.069326,16.0,17.069326],"rotation":{"angle":-45.0,"axis":"y","origin":[8.0,0.0,8.0]},"faces":{"east":{"uv":[0.0,0.0,1.8285714,1.8285714],"rotation":0,"texture":"#0","tintindex":0},"south":{"uv":[0.0,0.0,1.6,1.6],"rotation":0,"texture":"#0","tintindex":0},"north":{"uv":[0.0,0.0,2.057143,2.057143],"rotation":0,"texture":"#0","tintindex":0},"west":{"uv":[0.0,0.0,1.8285714,1.8285714],"rotation":0,"texture":"#0","tintindex":0},"up":{"uv":[0.0,0.0,1.8285714,2.2857144],"rotation":0,"texture":"#0","tintindex":0},"down":{"uv":[0.0,0.0,1.8285714,2.2857144],"rotation":0,"texture":"#0","tintindex":0}}},{"from":[-1.0693264,8.0,13.92647],"to":[9.073531,16.0,17.069326],"rotation":{"angle":45.0,"axis":"y","origin":[8.0,0.0,8.0]},"faces":{"east":{"uv":[0.0,0.0,1.8285714,1.8285714],"rotation":0,"texture":"#0","tintindex":0},"south":{"uv":[0.0,0.0,1.6,1.6],"rotation":0,"texture":"#0","tintindex":0},"north":{"uv":[0.0,0.0,2.057143,2.057143],"rotation":0,"texture":"#0","tintindex":0},"west":{"uv":[0.0,0.0,1.8285714,1.8285714],"rotation":0,"texture":"#0","tintindex":0},"up":{"uv":[0.0,0.0,1.8285714,2.2857144],"rotation":0,"texture":"#0","tintindex":0},"down":{"uv":[0.0,0.0,1.8285714,2.2857144],"rotation":0,"texture":"#0","tintindex":0}}},{"from":[4.502103,8.0,1.3550401],"to":[14.64496,16.0,4.497897],"rotation":{"angle":45.0,"axis":"y","origin":[8.0,0.0,8.0]},"faces":{"east":{"uv":[0.0,0.0,1.8285714,1.8285714],"rotation":0,"texture":"#0","tintindex":0},"south":{"uv":[0.0,0.0,1.6,1.6],"rotation":0,"texture":"#0","tintindex":0},"north":{"uv":[0.0,0.0,2.057143,2.057143],"rotation":0,"texture":"#0","tintindex":0},"west":{"uv":[0.0,0.0,1.8285714,1.8285714],"rotation":0,"texture":"#0","tintindex":0},"up":{"uv":[0.0,0.0,1.8285714,2.2857144],"rotation":0,"texture":"#0","tintindex":0},"down":{"uv":[0.0,0.0,1.8285714,2.2857144],"rotation":0,"texture":"#0","tintindex":0}}},{"from":[3.5714283,6.285714,5.714286],"to":[9.285714,18.857143,13.714286],"rotation":{"angle":22.5,"axis":"z","origin":[8.0,0.0,8.0]},"faces":{"east":{"uv":[0.0,0.0,1.8285714,1.8285714],"rotation":0,"texture":"#0","tintindex":0},"south":{"uv":[0.0,0.0,1.6,1.6],"rotation":0,"texture":"#0","tintindex":0},"north":{"uv":[0.0,0.0,2.057143,2.057143],"rotation":0,"texture":"#0","tintindex":0},"west":{"uv":[0.0,0.0,1.8285714,1.8285714],"rotation":0,"texture":"#0","tintindex":0},"up":{"uv":[0.0,0.0,1.8285714,2.2857144],"rotation":0,"texture":"#0","tintindex":0},"down":{"uv":[0.0,0.0,1.8285714,2.2857144],"rotation":0,"texture":"#0","tintindex":0}}},{"from":[3.4285712,10.285714,3.4285712],"to":[12.571428,16.57143,16.0],"rotation":{"angle":0.0,"axis":"y","origin":[8.0,0.0,8.0]},"faces":{"east":{"uv":[0.0,0.0,1.8285714,1.8285714],"rotation":0,"texture":"#0","tintindex":0},"south":{"uv":[0.0,0.0,1.6,1.6],"rotation":0,"texture":"#0","tintindex":0},"north":{"uv":[0.0,0.0,2.057143,2.057143],"rotation":0,"texture":"#0","tintindex":0},"west":{"uv":[0.0,0.0,1.8285714,1.8285714],"rotation":0,"texture":"#0","tintindex":0},"up":{"uv":[0.0,0.0,1.8285714,2.2857144],"rotation":0,"texture":"#0","tintindex":0},"down":{"uv":[0.0,0.0,1.8285714,2.2857144],"rotation":0,"texture":"#0","tintindex":0}}},{"from":[17.518204,13.551846,17.968822],"to":[20.375347,25.551846,20.825964],"rotation":{"angle":45.0,"axis":"z","origin":[11.232489,-0.16244125,8.825964]},"faces":{"east":{"uv":[3.0,0.0,10.0,8.0],"rotation":0,"texture":"#0","tintindex":0},"south":{"uv":[3.0,0.0,10.0,8.0],"rotation":0,"texture":"#0","tintindex":0},"north":{"uv":[10.0,0.0,3.0,8.0],"rotation":0,"texture":"#0","tintindex":0},"west":{"uv":[10.0,0.0,3.0,8.0],"rotation":0,"texture":"#0","tintindex":0},"up":{"uv":[3.6571429,0.0,5.4857144,2.2857144],"rotation":0,"texture":"#0","tintindex":0},"down":{"uv":[0.0,0.0,1.8285714,2.2857144],"rotation":0,"texture":"#0","tintindex":0}}},{"from":[16.167368,11.098763,-1.3973923],"to":[19.02451,23.098764,1.4597502],"rotation":{"angle":45.0,"axis":"z","origin":[7.595939,0.24162006,7.745465]},"faces":{"east":{"uv":[3.0,0.0,10.0,8.0],"rotation":0,"texture":"#0","tintindex":0},"south":{"uv":[3.0,0.0,10.0,8.0],"rotation":0,"texture":"#0","tintindex":0},"north":{"uv":[10.0,0.0,3.0,8.0],"rotation":0,"texture":"#0","tintindex":0},"west":{"uv":[10.0,0.0,3.0,8.0],"rotation":0,"texture":"#0","tintindex":0},"up":{"uv":[3.0,0.0,4.8285713,2.2857144],"rotation":0,"texture":"#0","tintindex":0},"down":{"uv":[0.0,0.0,1.8285714,2.2857144],"rotation":0,"texture":"#0","tintindex":0}}}],"display":{"head":{"translation":[0.0,-6.4,0.0],"scale":[4.0,4.0,4.0]}}}