{"textures":{"0":"modelengine:entity/boar_female"},"elements":[{"from":[5.8239713,10.922852,6.9764457],"to":[9.993451,12.346617,11.278217],"rotation":{"angle":-22.5,"axis":"x","origin":[6.419977,7.869703,10.752777]},"faces":{"east":{"uv":[12.375,11.375,13.5,11.75],"rotation":0,"texture":"#0","tintindex":0},"south":{"uv":[12.5,9.875,13.5,10.25],"rotation":0,"texture":"#0","tintindex":0},"north":{"uv":[7.375,3.25,8.375,3.625],"rotation":0,"texture":"#0","tintindex":0},"west":{"uv":[12.5,0.875,13.625,1.25],"rotation":0,"texture":"#0","tintindex":0},"up":{"uv":[7.25,3.625,6.25,2.5],"rotation":0,"texture":"#0","tintindex":0},"down":{"uv":[3.75,6.25,2.75,7.375],"rotation":0,"texture":"#0","tintindex":0}}},{"from":[5.8945427,8.219995,7.600166],"to":[9.92288,12.472617,10.63936],"rotation":{"angle":-22.5,"axis":"x","origin":[6.419977,7.869703,10.752777]},"faces":{"east":{"uv":[9.5,2.875,10.25,4.0],"rotation":0,"texture":"#0","tintindex":0},"south":{"uv":[6.875,5.0,7.875,6.125],"rotation":0,"texture":"#0","tintindex":0},"north":{"uv":[6.5,1.125,7.5,2.25],"rotation":0,"texture":"#0","tintindex":0},"west":{"uv":[6.25,9.5,7.0,10.625],"rotation":0,"texture":"#0","tintindex":0},"up":{"uv":[3.0,11.125,2.0,10.375],"rotation":0,"texture":"#0","tintindex":0},"down":{"uv":[11.5,0.875,10.5,1.625],"rotation":0,"texture":"#0","tintindex":0}}},{"from":[2.3916402,13.124058,7.0747313],"to":[4.3182344,14.525217,7.600166],"rotation":{"angle":-45.0,"axis":"z","origin":[0.99047995,9.796297,10.752777]},"faces":{"east":{"uv":[13.375,14.125,13.5,14.5],"rotation":0,"texture":"#0","tintindex":0},"south":{"uv":[8.625,13.5,9.125,13.875],"rotation":0,"texture":"#0","tintindex":0},"north":{"uv":[8.0,13.5,8.5,13.875],"rotation":0,"texture":"#0","tintindex":0},"west":{"uv":[0.0,14.25,0.125,14.625],"rotation":0,"texture":"#0","tintindex":0},"up":{"uv":[14.625,4.5,14.125,4.375],"rotation":0,"texture":"#0","tintindex":0},"down":{"uv":[14.625,4.625,14.125,4.75],"rotation":0,"texture":"#0","tintindex":0}}},{"from":[11.32404,13.124058,7.0747313],"to":[13.25064,14.525217,7.600166],"rotation":{"angle":45.0,"axis":"z","origin":[14.6518,9.796297,10.752777]},"faces":{"east":{"uv":[14.25,0.0,14.375,0.375],"rotation":0,"texture":"#0","tintindex":0},"south":{"uv":[12.125,13.5,12.625,13.875],"rotation":0,"texture":"#0","tintindex":0},"north":{"uv":[11.5,13.5,12.0,13.875],"rotation":0,"texture":"#0","tintindex":0},"west":{"uv":[0.25,14.25,0.375,14.625],"rotation":0,"texture":"#0","tintindex":0},"up":{"uv":[14.625,7.5,14.125,7.375],"rotation":0,"texture":"#0","tintindex":0},"down":{"uv":[14.625,7.625,14.125,7.75],"rotation":0,"texture":"#0","tintindex":0}}},{"from":[5.5442514,6.468543,5.4984226],"to":[10.273171,8.745429,9.001326],"rotation":{"angle":-22.5,"axis":"x","origin":[6.419977,5.7679596,7.249874]},"faces":{"east":{"uv":[11.625,3.375,12.5,4.0],"rotation":0,"texture":"#0","tintindex":0},"south":{"uv":[10.0,5.375,11.25,6.0],"rotation":0,"texture":"#0","tintindex":0},"north":{"uv":[9.75,9.375,11.0,10.0],"rotation":0,"texture":"#0","tintindex":0},"west":{"uv":[4.75,11.75,5.625,12.375],"rotation":0,"texture":"#0","tintindex":0},"up":{"uv":[8.5,8.125,7.25,7.25],"rotation":0,"texture":"#0","tintindex":0},"down":{"uv":[2.375,7.375,1.125,8.25],"rotation":0,"texture":"#0","tintindex":0}}},{"from":[5.8945427,8.435194,6.247714],"to":[6.59512,9.4306345,7.05916],"rotation":{"angle":0.0,"axis":"y","origin":[7.9087086,9.080343,6.6534343]},"faces":{"east":{"uv":[7.25,11.875,7.75,12.375],"rotation":0,"texture":"#0","tintindex":0},"south":{"uv":[7.25,11.875,7.75,12.375],"rotation":0,"texture":"#0","tintindex":0},"north":{"uv":[7.25,11.875,7.75,12.375],"rotation":0,"texture":"#0","tintindex":0},"west":{"uv":[7.75,11.875,7.25,12.375],"rotation":0,"texture":"#0","tintindex":0},"up":{"uv":[7.25,11.875,7.75,12.375],"rotation":0,"texture":"#0","tintindex":0},"down":{"uv":[7.25,11.875,7.75,12.375],"rotation":0,"texture":"#0","tintindex":0}}},{"from":[5.796257,8.238623,6.198571],"to":[6.4968343,9.234063,7.010017],"rotation":{"angle":0.0,"axis":"y","origin":[7.9087086,9.080343,6.6534343]},"faces":{"east":{"uv":[1.125,15.0,1.625,15.5],"rotation":0,"texture":"#0","tintindex":0},"south":{"uv":[1.125,15.0,1.625,15.5],"rotation":0,"texture":"#0","tintindex":0},"north":{"uv":[0.0,14.75,0.5,15.25],"rotation":0,"texture":"#0","tintindex":0},"west":{"uv":[1.125,15.0,1.625,15.5],"rotation":0,"texture":"#0","tintindex":0},"up":{"uv":[1.125,15.0,1.625,15.5],"rotation":0,"texture":"#0","tintindex":0},"down":{"uv":[1.125,15.0,1.625,15.5],"rotation":0,"texture":"#0","tintindex":0}}},{"from":[9.481972,8.238623,6.198571],"to":[10.1825485,9.234063,7.010017],"rotation":{"angle":0.0,"axis":"y","origin":[7.9087086,9.080343,6.6534343]},"faces":{"east":{"uv":[1.5,15.0,1.0,15.5],"rotation":0,"texture":"#0","tintindex":0},"south":{"uv":[7.25,11.875,7.75,12.375],"rotation":0,"texture":"#0","tintindex":0},"north":{"uv":[0.0,14.75,0.5,15.25],"rotation":0,"texture":"#0","tintindex":0},"west":{"uv":[1.5,15.0,1.0,15.5],"rotation":0,"texture":"#0","tintindex":0},"up":{"uv":[1.125,15.0,1.625,15.5],"rotation":0,"texture":"#0","tintindex":0},"down":{"uv":[7.25,11.875,7.75,12.375],"rotation":0,"texture":"#0","tintindex":0}}},{"from":[9.222298,8.435194,6.247714],"to":[9.92288,9.4306345,7.05916],"rotation":{"angle":0.0,"axis":"y","origin":[7.9087086,9.080343,6.6534343]},"faces":{"east":{"uv":[7.25,11.875,7.75,12.375],"rotation":0,"texture":"#0","tintindex":0},"south":{"uv":[7.25,11.875,7.75,12.375],"rotation":0,"texture":"#0","tintindex":0},"north":{"uv":[7.75,11.875,7.25,12.375],"rotation":0,"texture":"#0","tintindex":0},"west":{"uv":[7.25,11.875,7.75,12.375],"rotation":0,"texture":"#0","tintindex":0},"up":{"uv":[1.125,15.0,1.625,15.5],"rotation":0,"texture":"#0","tintindex":0},"down":{"uv":[7.25,11.875,7.75,12.375],"rotation":0,"texture":"#0","tintindex":0}}},{"from":[5.369108,7.16912,5.148137],"to":[10.448315,8.219995,7.249874],"rotation":{"angle":-22.5,"axis":"x","origin":[6.419977,5.7679596,7.249874]},"faces":{"east":{"uv":[14.0,7.0,14.5,7.25],"rotation":0,"texture":"#0","tintindex":0},"south":{"uv":[12.75,7.5,14.0,7.75],"rotation":0,"texture":"#0","tintindex":0},"north":{"uv":[10.5,1.75,11.75,2.0],"rotation":0,"texture":"#0","tintindex":0},"west":{"uv":[7.375,14.0,7.875,14.25],"rotation":0,"texture":"#0","tintindex":0},"up":{"uv":[12.375,8.75,11.125,8.25],"rotation":0,"texture":"#0","tintindex":0},"down":{"uv":[12.375,8.875,11.125,9.375],"rotation":0,"texture":"#0","tintindex":0}}},{"from":[9.572589,6.468543,4.7792625],"to":[10.273171,7.16912,6.530714],"rotation":{"angle":-22.5,"axis":"x","origin":[10.098022,5.4176683,5.148137]},"faces":{"east":{"uv":[7.125,4.75,7.625,4.875],"rotation":0,"texture":"#0","tintindex":0},"south":{"uv":[7.75,4.75,7.875,4.875],"rotation":0,"texture":"#0","tintindex":0},"north":{"uv":[6.25,1.125,6.375,1.25],"rotation":0,"texture":"#0","tintindex":0},"west":{"uv":[7.625,2.125,8.125,2.25],"rotation":0,"texture":"#0","tintindex":0},"up":{"uv":[9.875,5.875,9.75,5.375],"rotation":0,"texture":"#0","tintindex":0},"down":{"uv":[4.625,12.75,4.5,13.25],"rotation":0,"texture":"#0","tintindex":0}}},{"from":[5.5442514,6.468543,4.7792625],"to":[6.244834,7.16912,6.530714],"rotation":{"angle":-22.5,"axis":"x","origin":[5.719394,5.4176683,5.148137]},"faces":{"east":{"uv":[14.125,3.875,14.625,4.0],"rotation":0,"texture":"#0","tintindex":0},"south":{"uv":[13.25,12.5,13.375,12.625],"rotation":0,"texture":"#0","tintindex":0},"north":{"uv":[13.0,12.5,13.125,12.625],"rotation":0,"texture":"#0","tintindex":0},"west":{"uv":[14.125,4.125,14.625,4.25],"rotation":0,"texture":"#0","tintindex":0},"up":{"uv":[4.0,14.625,3.875,14.125],"rotation":0,"texture":"#0","tintindex":0},"down":{"uv":[4.25,14.125,4.125,14.625],"rotation":0,"texture":"#0","tintindex":0}}},{"from":[6.419977,8.745429,5.6735716],"to":[9.397446,11.547749,9.176475],"rotation":{"angle":-45.0,"axis":"x","origin":[6.419977,6.8188343,8.65104]},"faces":{"east":{"uv":[3.125,10.875,4.0,11.625],