{"textures":{"0":"modelengine:entity/gamabunta"},"elements":[{"from":[3.0,6.0571427,1.742857],"to":[13.142858,14.057143,7.3142858],"rotation":{"angle":-22.5,"axis":"x","origin":[8.0,8.785714,3.2999997]},"faces":{"east":{"uv":[0.0,4.285714,1.2857143,6.285714],"rotation":0,"texture":"#0","tintindex":0},"south":{"uv":[5.0,4.285714,7.428571,6.285714],"rotation":0,"texture":"#0","tintindex":0},"north":{"uv":[1.2857143,4.285714,3.7142856,6.285714],"rotation":0,"texture":"#0","tintindex":0},"west":{"uv":[3.7142856,4.285714,5.0,6.285714],"rotation":0,"texture":"#0","tintindex":0},"up":{"uv":[3.7142856,4.285714,1.2857143,3.0],"rotation":0,"texture":"#0","tintindex":0},"down":{"uv":[6.142857,3.0,3.7142856,4.285714],"rotation":0,"texture":"#0","tintindex":0}}}],"display":{"head":{"translation":[0.0,-6.4,0.0],"scale":[4.0,4.0,4.0]}}}