{"textures":{"0":"modelengine:entity/gamabunta"},"elements":[{"from":[8.571428,8.0758,3.6804876],"to":[12.571428,9.647229,6.537631],"rotation":{"angle":-22.5,"axis":"x","origin":[8.0,8.232944,5.094774]},"faces":{"east":{"uv":[12.285714,0.71428573,13.0,1.0],"rotation":0,"texture":"#0","tintindex":0},"south":{"uv":[14.714286,0.71428573,15.714286,1.0],"rotation":0,"texture":"#0","tintindex":0},"north":{"uv":[13.0,0.71428573,14.0,1.0],"rotation":0,"texture":"#0","tintindex":0},"west":{"uv":[14.0,0.71428573,14.714286,1.0],"rotation":0,"texture":"#0","tintindex":0},"up":{"uv":[14.0,0.71428573,13.0,0.0],"rotation":0,"texture":"#0","tintindex":0},"down":{"uv":[15.0,0.0,14.0,0.71428573],"rotation":0,"texture":"#0","tintindex":0}}},{"from":[3.4285712,8.033421,3.4388566],"to":[7.428571,9.604849,6.2959995],"rotation":{"angle":-22.5,"axis":"x","origin":[5.428571,8.819135,4.8674283]},"faces":{"east":{"uv":[12.142858,8.428572,12.857142,8.714286],"rotation":0,"texture":"#0","tintindex":0},"south":{"uv":[14.571428,8.428572,15.571428,8.714286],"rotation":0,"texture":"#0","tintindex":0},"north":{"uv":[12.857142,8.428572,13.857142,8.714286],"rotation":0,"texture":"#0","tintindex":0},"west":{"uv":[13.857142,8.428572,14.571428,8.714286],"rotation":0,"texture":"#0","tintindex":0},"up":{"uv":[13.857142,8.428572,12.857142,7.714286],"rotation":0,"texture":"#0","tintindex":0},"down":{"uv":[14.857142,7.714286,13.857142,8.428572],"rotation":0,"texture":"#0","tintindex":0}}},{"from":[3.4285712,6.45,3.6928568],"to":[12.571428,8.021428,7.4071426],"rotation":{"angle":-22.5,"axis":"x","origin":[8.0,8.892858,4.8214283]},"faces":{"east":{"uv":[0.0,10.571428,0.85714287,10.857142],"rotation":0,"texture":"#0","tintindex":0},"south":{"uv":[4.0,10.571428,6.285714,10.857142],"rotation":0,"texture":"#0","tintindex":0},"north":{"uv":[0.85714287,10.571428,3.142857,10.857142],"rotation":0,"texture":"#0","tintindex":0},"west":{"uv":[3.142857,10.571428,4.0,10.857142],"rotation":0,"texture":"#0","tintindex":0},"up":{"uv":[3.142857,10.571428,0.85714287,9.714286],"rotation":0,"texture":"#0","tintindex":0},"down":{"uv":[5.428571,9.714286,3.142857,10.571428],"rotation":0,"texture":"#0","tintindex":0}}},{"from":[2.8571424,3.3357139,2.392857],"to":[13.142858,7.9785714,7.9357142],"rotation":{"angle":0.0,"axis":"y","origin":[8.0,-0.75,10.592857]},"faces":{"east":{"uv":[7.285714,3.0,8.571428,4.142857],"rotation":0,"texture":"#0","tintindex":0},"south":{"uv":[12.428572,3.0,15.0,4.142857],"rotation":0,"texture":"#0","tintindex":0},"north":{"uv":[8.571428,3.0,11.142858,4.142857],"rotation":0,"texture":"#0","tintindex":0},"west":{"uv":[11.142858,3.0,12.428572,4.142857],"rotation":0,"texture":"#0","tintindex":0},"up":{"uv":[11.142858,3.0,8.571428,1.7142857],"rotation":0,"texture":"#0","tintindex":0},"down":{"uv":[13.714286,1.7142857,11.142858,3.0],"rotation":0,"texture":"#0","tintindex":0}}},{"from":[3.2857141,3.3785715,1.8214283],"to":[12.714286,6.8214283,3.0785713],"rotation":{"angle":22.5,"axis":"x","origin":[8.0,5.1071424,2.6071424]},"faces":{"east":{"uv":[9.142858,11.571428,9.428572,12.428572],"rotation":0,"texture":"#0","tintindex":0},"south":{"uv":[12.0,11.571428,14.285714,12.428572],"rotation":0,"texture":"#0","tintindex":0},"north":{"uv":[9.428572,11.571428,11.714286,12.428572],"rotation":0,"texture":"#0","tintindex":0},"west":{"uv":[11.714286,11.571428,12.0,12.428572],"rotation":0,"texture":"#0","tintindex":0},"up":{"uv":[11.714286,11.571428,9.428572,11.285714],"rotation":0,"texture":"#0","tintindex":0},"down":{"uv":[14.0,11.285714,11.714286,11.571428],"rotation":0,"texture":"#0","tintindex":0}}}],"display":{"head":{"translation":[0.0,-6.4,0.0],"scale":[4.0,4.0,4.0]}}}