{"textures":{"0":"modelengine:entity/gamabunta"},"elements":[{"from":[-1.0785713,7.9727106,7.5174904],"to":[8.207143,11.329854,9.817491],"rotation":{"angle":0.0,"axis":"y","origin":[15.635715,6.5298533,7.474633]},"faces":{"east":{"uv":[3.4285715,6.857143,2.857143,7.571429],"rotation":0,"texture":"#0","tintindex":0},"south":{"uv":[5.714286,6.857143,3.4285715,7.571429],"rotation":0,"texture":"#0","tintindex":0},"north":{"uv":[2.857143,6.857143,0.5714286,7.571429],"rotation":0,"texture":"#0","tintindex":0},"west":{"uv":[0.5714286,6.857143,0.0,7.571429],"rotation":0,"texture":"#0","tintindex":0},"up":{"uv":[0.5714286,6.857143,2.857143,6.285714],"rotation":0,"texture":"#0","tintindex":0},"down":{"uv":[2.857143,6.285714,5.142857,6.857143],"rotation":0,"texture":"#0","tintindex":0}}}],"display":{"head":{"translation":[0.0,-6.4,0.0],"scale":[4.0,4.0,4.0]}}}