{"textures":{"0":"modelengine:entity/gamabunta"},"elements":[{"from":[6.932114,7.9453106,6.9230328],"to":[8.932115,10.659596,8.323033],"rotation":{"angle":0.0,"axis":"y","origin":[7.9857144,-1.2689762,6.0516043]},"faces":{"east":{"uv":[1.0,7.857143,0.71428573,8.428572],"rotation":0,"texture":"#0","tintindex":0},"south":{"uv":[1.4285715,7.857143,1.0,8.428572],"rotation":0,"texture":"#0","tintindex":0},"north":{"uv":[0.71428573,7.857143,0.2857143,8.428572],"rotation":0,"texture":"#0","tintindex":0},"west":{"uv":[0.2857143,7.857143,0.0,8.428572],"rotation":0,"texture":"#0","tintindex":0},"up":{"uv":[0.2857143,7.857143,0.71428573,7.571429],"rotation":0,"texture":"#0","tintindex":0},"down":{"uv":[0.71428573,7.571429,1.1428572,7.857143],"rotation":0,"texture":"#0","tintindex":0}}}],"display":{"head":{"translation":[0.0,-6.4,0.0],"scale":[4.0,4.0,4.0]}}}