{"textures":{"0":"modelengine:entity/gamabunta"},"elements":[{"from":[5.3142858,1.4285765,8.114283],"to":[10.742857,10.857149,8.142854],"rotation":{"angle":0.0,"axis":"y","origin":[10.171429,15.000006,5.714282]},"faces":{"east":{"uv":[13.571428,12.428572,13.571428,14.714286],"rotation":0,"texture":"#0","tintindex":0},"south":{"uv":[14.857142,12.428572,13.571428,14.714286],"rotation":0,"texture":"#0","tintindex":0},"north":{"uv":[13.571428,12.428572,12.285714,14.714286],"rotation":0,"texture":"#0","tintindex":0},"west":{"uv":[12.285714,12.428572,12.285714,14.714286],"rotation":0,"texture":"#0","tintindex":0},"up":{"uv":[12.285714,12.428572,13.571428,12.428572],"rotation":0,"texture":"#0","tintindex":0},"down":{"uv":[13.571428,12.428572,14.857142,12.428572],"rotation":0,"texture":"#0","tintindex":0}}}],"display":{"head":{"translation":[0.0,-6.4,0.0],"scale":[4.0,4.0,4.0]}}}