{"textures":{"0":"modelengine:entity/gamabunta"},"elements":[{"from":[7.792857,7.9727106,7.5174904],"to":[17.078571,11.329854,9.817491],"rotation":{"angle":0.0,"axis":"y","origin":[0.36428547,6.5298533,7.474633]},"faces":{"east":{"uv":[0.0,6.857143,0.5714286,7.571429],"rotation":0,"texture":"#0","tintindex":0},"south":{"uv":[3.4285715,6.857143,5.714286,7.571429],"rotation":0,"texture":"#0","tintindex":0},"north":{"uv":[0.5714286,6.857143,2.857143,7.571429],"rotation":0,"texture":"#0","tintindex":0},"west":{"uv":[2.857143,6.857143,3.4285715,7.571429],"rotation":0,"texture":"#0","tintindex":0},"up":{"uv":[2.857143,6.857143,0.5714286,6.285714],"rotation":0,"texture":"#0","tintindex":0},"down":{"uv":[5.142857,6.285714,2.857143,6.857143],"rotation":0,"texture":"#0","tintindex":0}}}],"display":{"head":{"translation":[0.0,-6.4,0.0],"scale":[4.0,4.0,4.0]}}}