{"textures":{"0":"modelengine:entity/gamabunta"},"elements":[{"from":[6.0857143,-0.4285717,6.142857],"to":[10.085714,8.0,10.285714],"rotation":{"angle":0.0,"axis":"y","origin":[2.7999997,21.142857,7.242857]},"faces":{"east":{"uv":[0.0,11.857142,1.0,13.857142],"rotation":0,"texture":"#0","tintindex":0},"south":{"uv":[3.0,11.857142,4.0,13.857142],"rotation":0,"texture":"#0","tintindex":0},"north":{"uv":[1.0,11.857142,2.0,13.857142],"rotation":0,"texture":"#0","tintindex":0},"west":{"uv":[2.0,11.857142,3.0,13.857142],"rotation":0,"texture":"#0","tintindex":0},"up":{"uv":[2.0,11.857142,1.0,10.857142],"rotation":0,"texture":"#0","tintindex":0},"down":{"uv":[3.0,10.857142,2.0,11.857142],"rotation":0,"texture":"#0","tintindex":0}}}],"display":{"head":{"translation":[0.0,-6.4,0.0],"scale":[4.0,4.0,4.0]}}}