{"textures":{"0":"modelengine:entity/gamabunta"},"elements":[{"from":[6.5714283,6.278571,6.45],"to":[8.857143,9.421429,9.735714],"rotation":{"angle":0.0,"axis":"y","origin":[2.5714283,4.1499996,7.9071426]},"faces":{"east":{"uv":[4.0,13.571428,4.714286,14.285714],"rotation":0,"texture":"#0","tintindex":0},"south":{"uv":[6.0,13.571428,6.571429,14.285714],"rotation":0,"texture":"#0","tintindex":0},"north":{"uv":[4.714286,13.571428,5.285714,14.285714],"rotation":0,"texture":"#0","tintindex":0},"west":{"uv":[5.285714,13.571428,6.0,14.285714],"rotation":0,"texture":"#0","tintindex":0},"up":{"uv":[5.285714,13.571428,4.714286,12.857142],"rotation":0,"texture":"#0","tintindex":0},"down":{"uv":[5.857143,12.857142,5.285714,13.571428],"rotation":0,"texture":"#0","tintindex":0}}}],"display":{"head":{"translation":[0.0,-6.4,0.0],"scale":[4.0,4.0,4.0]}}}