{"textures":{"0":"modelengine:entity/gamabunta"},"elements":[{"from":[5.2571425,1.4285712,8.114285],"to":[10.685715,10.857143,8.142858],"rotation":{"angle":0.0,"axis":"y","origin":[5.8285713,7.5714283,5.714286]},"faces":{"east":{"uv":[12.285714,12.428572,12.285714,14.714286],"rotation":0,"texture":"#0","tintindex":0},"south":{"uv":[13.571428,12.428572,14.857142,14.714286],"rotation":0,"texture":"#0","tintindex":0},"north":{"uv":[12.285714,12.428572,13.571428,14.714286],"rotation":0,"texture":"#0","tintindex":0},"west":{"uv":[13.571428,12.428572,13.571428,14.714286],"rotation":0,"texture":"#0","tintindex":0},"up":{"uv":[13.571428,12.428572,12.285714,12.428572],"rotation":0,"texture":"#0","tintindex":0},"down":{"uv":[14.857142,12.428572,13.571428,12.428572],"rotation":0,"texture":"#0","tintindex":0}}}],"display":{"head":{"translation":[0.0,-6.4,0.0],"scale":[4.0,4.0,4.0]}}}