{"textures":{"0":"modelengine:entity/itachisusanoarmor"},"elements":[{"from":[9.714286,5.142857,4.5714283],"to":[12.0,9.142858,15.285715],"rotation":{"angle":0.0,"axis":"y","origin":[8.0,-9.714287,8.0]},"faces":{"east":{"uv":[0.0,0.0,1.8285714,1.8285714],"rotation":0,"texture":"#0","tintindex":0},"south":{"uv":[0.0,0.0,1.6,1.6],"rotation":0,"texture":"#0","tintindex":0},"north":{"uv":[0.0,0.0,2.057143,2.057143],"rotation":0,"texture":"#0","tintindex":0},"west":{"uv":[0.0,0.0,1.8285714,1.8285714],"rotation":0,"texture":"#0","tintindex":0},"up":{"uv":[0.0,0.0,1.8285714,2.2857144],"rotation":0,"texture":"#0","tintindex":0},"down":{"uv":[0.0,0.0,1.8285714,2.2857144],"rotation":0,"texture":"#0","tintindex":0}}},{"from":[4.5714283,6.285714,13.571428],"to":[11.285714,9.142858,15.285715],"rotation":{"angle":0.0,"axis":"y","origin":[8.0,-9.714287,8.0]},"faces":{"east":{"uv":[0.0,0.0,1.8285714,1.8285714],"rotation":0,"texture":"#0","tintindex":0},"south":{"uv":[0.0,0.0,1.6,1.6],"rotation":0,"texture":"#0","tintindex":0},"north":{"uv":[0.0,0.0,2.057143,2.057143],"rotation":0,"texture":"#0","tintindex":0},"west":{"uv":[0.0,0.0,1.8285714,1.8285714],"rotation":0,"texture":"#0","tintindex":0},"up":{"uv":[0.0,0.0,1.8285714,2.2857144],"rotation":0,"texture":"#0","tintindex":0},"down":{"uv":[0.0,0.0,1.8285714,2.2857144],"rotation":0,"texture":"#0","tintindex":0}}},{"from":[4.5714283,6.285714,4.5714283],"to":[11.285714,9.142858,6.285714],"rotation":{"angle":0.0,"axis":"y","origin":[8.0,-9.714287,8.0]},"faces":{"east":{"uv":[0.0,0.0,1.8285714,1.8285714],"rotation":0,"texture":"#0","tintindex":0},"south":{"uv":[0.0,0.0,1.6,1.6],"rotation":0,"texture":"#0","tintindex":0},"north":{"uv":[0.0,0.0,2.057143,2.057143],"rotation":0,"texture":"#0","tintindex":0},"west":{"uv":[0.0,0.0,1.8285714,1.8285714],"rotation":0,"texture":"#0","tintindex":0},"up":{"uv":[0.0,0.0,1.8285714,2.2857144],"rotation":0,"texture":"#0","tintindex":0},"down":{"uv":[0.0,0.0,1.8285714,2.2857144],"rotation":0,"texture":"#0","tintindex":0}}},{"from":[5.714286,8.0,5.714286],"to":[9.714286,11.428572,13.714286],"rotation":{"angle":0.0,"axis":"y","origin":[8.0,-9.714287,8.0]},"faces":{"east":{"uv":[0.0,3.2,2.08,4.0],"rotation":0,"texture":"#0","tintindex":0},"south":{"uv":[0.0,4.0,0.96,4.8],"rotation":0,"texture":"#0","tintindex":0},"north":{"uv":[0.0,4.0,1.28,4.96],"rotation":0,"texture":"#0","tintindex":0},"west":{"uv":[0.0,0.0,1.8285714,1.8285714],"rotation":0,"texture":"#0","tintindex":0},"up":{"uv":[0.0,0.0,1.8285714,2.2857144],"rotation":0,"texture":"#0","tintindex":0},"down":{"uv":[0.0,0.0,1.8285714,2.2857144],"rotation":0,"texture":"#0","tintindex":0}}},{"from":[3.4285712,6.285714,5.714286],"to":[6.285714,12.0,13.714286],"rotation":{"angle":0.0,"axis":"y","origin":[8.0,-9.714287,8.0]},"faces":{"east":{"uv":[0.0,0.0,1.8285714,1.8285714],"rotation":0,"texture":"#0","tintindex":0},"south":{"uv":[0.0,0.0,1.6,1.6],"rotation":0,"texture":"#0","tintindex":0},"north":{"uv":[0.0,0.0,2.057143,2.057143],"rotation":0,"texture":"#0","tintindex":0},"west":{"uv":[0.0,0.0,1.8285714,1.8285714],"rotation":0,"texture":"#0","tintindex":0},"up":{"uv":[0.0,0.0,1.8285714,2.2857144],"rotation":0,"texture":"#0","tintindex":0},"down":{"uv":[0.0,0.0,1.8285714,2.2857144],"rotation":0,"texture":"#0","tintindex":0}}},{"from":[5.5714283,10.857143,5.142857],"to":[10.571428,14.285715,14.285715],"rotation":{"angle":0.0,"axis":"y","origin":[8.0,-9.714287,8.0]},"faces":{"east":{"uv":[0.0,0.0,1.8285714,1.8285714],"rotation":0,"texture":"#0","tintindex":0},"south":{"uv":[0.0,0.0,1.6,1.6],"rotation":0,"texture":"#0","tintindex":0},"north":{"uv":[0.0,0.0,2.057143,2.057143],"rotation":0,"texture":"#0","tintindex":0},"west":{"uv":[0.0,0.0,1.8285714,1.8285714],"rotation":0,"texture":"#0","tintindex":0},"up":{"uv":[0.0,0.0,1.8285714,2.2857144],"rotation":0,"texture":"#0","tintindex":0},"down":{"uv":[0.0,0.0,1.8285714,2.2857144],"rotation":0,"texture":"#0","tintindex":0}}},{"from":[-12.1428585,7.857143,5.142857],"to":[-2.285715,11.857143,14.285715],"rotation":{"angle":-22.5,"axis":"z","origin":[8.0,-9.714287,8.0]},"faces":{"east":{"uv":[1.8285714,1.8285714,0.0,0.0],"rotation":0,"texture":"#0","tintindex":0},"south":{"uv":[7.0,16.0,0.0,9.0],"rotation":0,"texture":"#0","tintindex":0},"north":{"uv":[0.0,16.0,7.04,8.32],"rotation":0,"texture":"#0","tintindex":0},"west":{"uv":[4.8285713,1.8285714,3.0,0.0],"rotation":0,"texture":"#0","tintindex":0},"up":{"uv":[7.0,16.0,0.0,9.0],"rotation":0,"texture":"#0","tintindex":0},"down":{"uv":[7.0,9.0,0.0,16.0],"rotation":0,"texture":"#0","tintindex":0}}}],"display":{"head":{"translation":[0.0,-6.4,0.0],"scale":[4.0,4.0,4.0]}}}